id,word,example_en,example_ja
A100001,a,I need a pen to write a letter.,ペンが必要です/手紙を書くには
A100002,a.m.,I usually wake up at 6 a.m.,私は通常、午前6時に起きます。
A100003,about,I will arrive at the station at about 7 o'clock.,私は到着する予定です/その駅に/だいたい7時頃に
A100004,about,I am writing a report about the environmental issues.,私はレポートを書いています/環境問題についての
A100005,above,She lives on the floor above.,彼女は上の階に住んでいる。
A100006,above,The bird flew above the trees.,鳥は木々の上を飛んだ。
A100007,action,Your action has consequences.,あなたの行動には結果が伴います。
A100008,activity,The activity at the park was lively and fun.,公園での活動は活気があり、楽しかった。
A100009,actor,Tom Hanks is a renowned actor in Hollywood.,トム・ハンクスはハリウッドで有名な俳優です。
A100010,add,Please add up the total cost of these items.,これらのアイテムの合計費用を計算してください。
A100011,address,Please write your address on the envelope.,封筒にあなたの住所を書いてください。
A100012,afraid,I am afraid of spiders.,私はクモを恐れています。
A100013,after,I usually go for a walk after dinner.,私は普通、夕食の後に散歩に行きます。
A100014,afternoon,I usually take a walk in the park in the afternoon.,私は通常、午後に公園を散歩します。
A100015,again,I will try again tomorrow.,私は明日再び試します。
A100016,age,My age is not a barrier to my dreams.,私の夢にとって年齢は障害ではない。
A100017,ago,I moved to this city five years ago.,私は5年前にこの都市に引っ越しました。
A100018,agree,I completely agree with your opinion on this matter.,私はこの問題についてのあなたの意見に完全に同意します。
A100019,airplane,I will take an airplane to travel to Japan next month.,来月、日本へ旅行するために飛行機に乗る予定です。
A100020,airport,I will pick you up at the airport.,私は空港であなたを迎えに行きます。
A100021,album,I found an old photo album in the attic.,私は屋根裏で古い写真アルバムを見つけました。
A100022,all,All the books on this shelf are mine.,この棚にある本はすべて私のものです。
A100023,all,All of them are here.,彼ら全員がここにいます。
A100024,all right,It's all right to be late sometimes.,時々遅れてもかまわない。
A100025,all right,Everything will be all right in the end.,最後にはうまくいくよ。
A100026,almost,I have almost finished my homework.,私は宿題をほとんど終えました。
A100027,alone,I decided to travel alone.,私はひとりで旅行することに決めました。
A100028,along,We walked along without saying a word.,私たちは何も言わずに前へと歩き続けました。
A100029,already,I have already finished my homework.,私はもう宿題を終えました。
A100030,also,I also like to read books.,私も本を読むのが好きです。
A100031,always,I always drink coffee in the morning.,私はいつも朝にコーヒーを飲みます。
A100032,am,I am a student.,私は学生です。
A100033,an,I bought an apple from the market.,私は市場からリンゴを一つ買いました。
A100034,and,I like apples and oranges.,私はリンゴとオレンジが好きです。
A100035,angry,He was angry because he missed the bus.,彼はバスに乗り遅れたから怒っていた。
A100036,animal,The zoo is a place where you can see various kinds of animals.,動物園は、さまざまな種類の動物を見ることができる場所です。
A100037,another,Let's try another restaurant for lunch today.,今日の昼食は別のレストランにしましょう。
A100038,answer,"""[[Right on]], that's the right answer!""",「その通り、正解だ！」
A100039,answer,I will answer your question tomorrow.,明日、あなたの質問に答えます。
A100040,any,Is there any chance you could help me with this?,これを手伝ってくれる可能性は何かありますか？（これを手伝っていただけたりしますか？）
A100041,any,I don't want any.,（既出名詞を指して）何も欲しくない。
A100042,anybody,Anybody can do that.,それは誰にでもできる。
A100043,anyone,Anyone can do it if they try hard enough.,どなたでも頑張ればできる。
A100044,anything,I will give you anything you want.,君が欲しいものを何でもあげるよ。
A100045,apple,I ate an apple this morning.,今朝リンゴを食べました。
A100046,April,April is the month of blooming flowers.,4月は花が咲く月です。
A100047,apron,He was wearing a white apron.,彼は白いエプロンを身に着けていた。
A100048,are,You are my best friend.,あなたは私の最高の友人です。
A100049,arm,He held his arm up high.,彼は腕を高く掲げた。
A100050,around,I like to walk around the park in the morning.,私は朝、公園を歩き回るのが好きです。
A100051,arrive,The train arrives at the station at 8 PM.,電車は午後8時に駅に到着します。
A100052,art,She enjoys visiting art galleries and museums.,彼女は美術館や博物館を訪れることを楽しんでいます。
A100053,article,This article explains the benefits of exercise.,この記事は運動の効果を説明しています。
A100054,as,I go there as a tourist.,私は観光客としてそこに行きます。
A100055,ask,I asked her to join us for dinner.,彼女に夕食に付き合ってもらうように頼んだ。
A100056,at,I'm meeting him at the park.,彼と公園で会っています。
A100057,August,August is my favorite month of the year.,8月は私の一番好きな月です。
A100058,aunt,My aunt gave me a beautiful necklace for my birthday.,私のおばさんが私の誕生日に美しいネックレスをくれた。
A100059,autumn,The beauty of autumn leaves is breathtaking.,秋の葉の光景は圧巻です。
A100060,awake,The child was wide awake when his parents came home.,その子供は、両親が帰宅したときには完全に目を覚ましていた
A100061,away,She walked away from the accident scene.,彼女は事故現場から歩いて立ち去った。
A100062,baby,The baby smiled at me.,私に笑顔を見せてくれた赤ちゃん。
A100063,back,He looked back and saw a car approaching.,彼は後ろを振り返り、車が近づいてくるのを見ました。
A100064,back,He has a tattoo on his back.,彼は背中にタトゥーを入れている。
A100065,bad,The food was bad.,その食べ物はおいしくなかった。
A100066,bag,I'm going to buy a bag.,私はバッグを買うつもりです。
A100067,ball,I bought a new ball.,私は新しいボールを買った。
A100068,banana,I bought a banana at the store.,お店でバナナを買った。
A100069,band,She used a rubber band to tie her hair into a ponytail.,彼女は髪を結ぶために、ゴム製のヘアバンドを使ってポニーテールを作った。
A100070,bank,I deposited my money in the bank.,私は私のお金を銀行に預金しました。
A100071,bar,This bar is a popular student hangout.,このバーは学生に人気のたまり場です。
A100072,baseball,He loves playing baseball.,彼は野球をするのが大好きです。
A100073,basketball,He loves playing basketball.,彼はバスケットボールを楽しんでいる。
A100074,bat,He hit the ball with his bat.,彼はバットでボールを打った。
A100075,bath,I'm going to take a bath.,私はお風呂に入ります。
A100076,bathroom,I need to go to the bathroom.,トイレに行く必要がある。
A100077,be,I will be there soon.,すぐにそこに行くよ。
A100078,beach,We had a great day at the beach.,私たちはビーチで素晴らしい一日を過ごしました。
A100079,bean,I ate a bean for lunch.,昼ごはんにビーンを食べました。
A100080,bear,The bear ran across the field.,熊は野原を走っていった。
A100081,beautiful,She has a beautiful voice.,彼女は美しい声を持っている。
A100082,because,I went to the store because I needed milk.,牛乳が必要だから店に行ったんだ。
A100083,become,He became a successful businessman.,彼は成功した実業家になった。
A100084,bed,I slept in a comfortable bed last night.,昨晩は快適なベッドで寝ました。
A100085,bedroom,I have a bedroom in my house.,私の家には１つ寝室があります。
A100086,bee,The bee was buzzing around the flowers.,蜂が花の周りをブンブン飛び回っていました。
A100087,beef,I love eating beef.,私は牛肉を食べるのが大好きです。
A100088,before,Please step before.,前へ進んでください。
A100089,before,The book is before the laptop.,その本はラップトップの前にあります。
A100090,begin,I began to learn a new language.,私は新しい言語を学び始めた。
A100091,behind,The days of our youth are now far behind.,私たちの若い日々は今や遠く過ぎ去っています。
A100092,behind,The cat is hiding behind the couch.,猫はソファの後ろに隠れています。
A100093,being,Being honest is the best policy.,正直であることが最善の方針です。
A100094,believe,I believe in the power of kindness.,私は優しさの力を信じている。
A100095,bell,The bell rang at 8 o'clock.,8時にベルが鳴った。
A100096,below,I can see the ocean below.,下に海が見えます。
A100097,below,The bird is flying below the clouds.,鳥は雲の下を飛んでいます。
A100098,beside,He was sitting beside me.,彼は私の隣に座っていた。
A100099,best,This is the best movie I have ever seen.,これは私が今まで見た中で最高の映画です。
A100100,best,She sings best among all the students in our class.,彼女は私たちのクラスの全ての生徒の中で最も上手に歌います。
A100101,better,This car runs much better than before.,この車は以前よりもはるかに良く走ります。
A100102,between,The cat is sleeping between the two sofas.,猫は二つのソファの間で寝ています。
A100103,bicycle,I bought a new bicycle today.,今日新しい自転車を買いました。
A100104,big,The house was big.,その家は大きかった。
A100105,bike,I bought a new bike.,私は新しい自転車を買った。
A100106,bird,The bird flew over the river.,鳥が川を飛び越えた。
A100107,birth,The birth of my first child was the happiest moment of my life.,私の最初の子供の誕生は私の人生で最も幸せな瞬間でした。
A100108,birthday,My brother's birthday is on the third of June.,私の兄の誕生日は6月3日です。
A100109,biscuit,I bought a box of biscuit.,私はビスケットの一箱買った。
A100110,black,She wore a black dress to the party.,彼女はパーティーに黒いドレスを着て行った。
A100111,black,He looks nice in black.,彼は黒が似合う。
A100112,blank,The sky was blank and empty.,空は空しく、何もない状態だった。
A100113,block,The city block was [[filled with]] people.,街区は人で埋め尽くされていた。
A100114,blow,The wind began to blow strongly.,風が強く吹き始めた。
A100115,blue,The sky is blue.,空は青いです。
A100116,blue,The sky is a beautiful shade of blue.,空は美しい青色です。
A100117,board,Stick a notice on the board.,掲示板に注意事項を貼ります。
A100118,boat,The children went on a boat ride.,子どもたちはボート乗りをした。
A100119,body,The doctor examined the patient's body.,医者は患者の体を検査した。
A100120,bone,He found a bone in the garden.,彼は庭に骨を見つけた。
A100121,book,This is a book to read.,これは読むべき本だ。
A100122,bookstore,I went to the bookstore to buy a new book.,私は新しい本を買うために書店に行きました。
A100123,boring,The lecture was so boring that I fell asleep.,講義がとても退屈だったので、私は眠ってしまった。
A100124,borrow,I borrowed a book from the library.,私は図書館から本を借りました。
A100125,both,They both arrived late for the meeting.,彼らは両方とも会議に遅れて到着しました。
A100126,both,Both of them are my friends.,彼らは両方とも私の友達です。
A100127,both,I really like both.,どちらもとても気に入っている。
A100128,bottle,She put the bottle on the table.,彼女はびんをテーブルに置いた。
A100129,bottom,The cat was sleeping on the bottom of the bed.,猫はベッドの下で眠っていた。
A100130,bowl,I ate a delicious bowl of ramen for lunch.,昼食に美味しいラーメンのどんぶりを食べました。
A100131,box,The box was filled with candy.,箱の中はキャンディでいっぱいだった。
A100132,boy,The boy ran around the park.,男の子は公園を駆け回った。
A100133,boyfriend,My boyfriend is my best friend.,私の彼氏は私の最高の友達です。
A100134,brain,The brain is a complex organ.,脳は複雑な臓器です。
A100135,bread,I bought a loaf of bread.,パンを一斤買いました。
A100136,break,She broke the window with a rock.,彼女は岩を使い窓を壊した。
A100137,breakfast,I had a delicious breakfast this morning.,今朝は美味しい朝食を食べました。
A100138,breathe,I'm trying to breathe.,私は息をしようとしている。
A100139,bridge,We crossed the bridge to reach our destination.,私たちは目的地に到達するために橋を渡りました。
A100140,bright,The sky was a bright blue.,空は明るい青色だった。
A100141,bring,He brought a cake to the party.,彼はパーティーにケーキを持ってきた。
A100142,broken,The broken vase lay shattered on the floor.,床に割れた花瓶が散乱していた。
A100143,brother,My brother and I are going to the movies.,私の兄弟と私は映画に行く予定だ。
A100144,brown,The brown fox jumped over the fence.,茶色いキツネがフェンスを越えてジャンプした。
A100145,brush,I need to buy a new brush for my hair.,髪の毛用に新しいブラシを買わなければなりません。
A100146,brush,I brush my hair every morning.,毎朝、私は髪にブラシをかけます。
A100147,bucket,The man filled a bucket with water.,男はバケツに水を満たした。
A100148,build,He built a house on the hill.,彼は丘の上に家を建てた。
A100149,building,The high-rise building was built in the city center.,高層ビルが市街地の中心に建てられた。
A100150,burger,"I'm hungry, so let's go get a burger.",私はお腹が空いたので、バーガーを食べに行こう。
A100151,bus,I will take the bus to school.,学校へはバスに乗るつもりです。
A100152,business,He has been in the business for 15 years.,彼は15年間そのビジネスに従事してきました。
A100153,busy,The office is busy today.,今日のオフィスは忙しいです。
A100154,but,"I want to go to the beach, but it's raining outside.",海に行きたいけど、外は雨が降っている。
A100155,butter,I spread butter on my toast this morning.,今朝はトーストにバターを塗った。
A100156,butterfly,The butterfly fluttered around the garden.,蝶が庭で飛び回っていた。
A100157,button,Press the button to turn on the light.,ライトを点けるためにボタンを押してください。
A100158,buy,I will buy a new car.,新しい車を買おう。
A100159,by,The new store is located by the train station.,新しい店は駅の近くに位置しています。
A100160,bye,Bye for now.,またね。
A100161,cafe,I'm going to meet my friend at the cafe later.,私は後で友達にカフェで会う予定です。
A100162,cake,I bought a cake for my friend's birthday.,友達の誕生日にケーキを買いました。
A100163,call,I'm going to make a call to my friend.,友達に電話をかけるつもりだ。
A100164,camera,I bought a new camera yesterday.,昨日新しいカメラを買いました。
A100165,camp,The children went to the camp for the summer holidays.,子どもたちは夏休みにキャンプに行った。
A100166,can,I can swim.,私は泳ぐことができます。
A100167,candy,I bought some candy at the store.,私はストアでいくつかのキャンディを買った。
A100168,cap,He was wearing a red cap.,彼は赤いキャップをかぶっていた。
A100169,car,I bought a new car.,私は新しい車を買った。
A100170,card,I received a birthday card from my friend.,友達からバースデーカードを受け取りました。
A100171,care,When he lost his watch he didn't seem to care.,時計を無くしても彼は気にしていない様子だった。
A100172,careful,Be careful with the glass.,ガラスに気をつけてください。
A100173,carefully,He opened the door carefully.,彼は丁寧にドアを開けた。
A100174,carry,He carried the heavy box for me.,彼は私のために重い箱を運んだ。
A100175,cartoon,I watched a cartoon on TV last night.,昨晩テレビで漫画を見ました。
A100176,case,"In this case, you should consult a lawyer.",この場合、弁護士に相談するべきです。
A100177,cat,The cat is sleeping in the bed.,猫はベッドで寝ています。
A100178,catch,He made a great catch in the baseball game.,彼は野球の試合で素晴らしいキャッチをした。
A100179,catch,I catch the ball.,私はボールを捕らえる。
A100180,CD,I bought a new CD yesterday.,昨日新しいCDを買った。
A100181,CD player,I bought a new CD player for my car.,私は車のために新しいCDプレーヤーを買った。
A100182,celebrate,We will celebrate our success!,成功を祝おう！
A100183,celebration,The party was a celebration of their success.,そのパーティーは彼らの成功を祝うものでした。
A100184,chair,I sat on the chair.,私は椅子に座った。
A100185,change,The change in weather is noticeable.,天気の変化が目立つ。
A100186,change,I need to change my clothes before we go out.,外出する前に服を変える必要があります。
A100187,character,He has a strong character.,彼は強い性格を持っている。
A100188,check,I will do a check to make sure everything is okay.,すべてが正常であることを確認するためにチェックを行います。
A100189,cheese,I love cheese!,私はチーズが大好きです！
A100190,chicken,I ate chicken for dinner.,夕食にチキンを食べました。
A100191,child,The mother held her child in her arms.,母親は腕に子供を抱いていた。
A100192,chocolate,I love eating chocolate.,私はチョコレートを食べるのが大好きです。
A100193,choose,I chose the red one.,私は赤いのを選んだ。
A100194,church,The church was filled with people.,教会には人々でいっぱいだった。
A100195,cinema,I'm going to the cinema tonight.,今夜は映画館に行くつもりです。
A100196,circle,The moon is a perfect circle.,月は完璧な円である。
A100197,city,I live in a big city.,私は大きな都市に住んでいます。
A100198,class,I'm in the same class as my brother.,私は兄と同じクラスにいます。
A100199,classmate,My classmate is very kind.,私の同級生はとても親切です。
A100200,classroom,I am in the classroom.,私は教室にいる。
A100201,clean,The house is clean and tidy.,家はきれいで整頓されています。
A100202,clean,Please clean your room before you leave.,あなたが出る前に部屋を掃除してください。
A100203,clever,He is a clever boy.,彼は賢い少年だ。
A100204,climb,I will go on a climb tomorrow.,明日登山に行くつもりです。
A100205,clock,I set my alarm clock for 5am.,私は5時に目覚まし時計をセットした。
A100206,close,The store is close to my house.,その店は私の家に近いです。
A100207,close,Please close the door.,ドアを閉めてください。
A100208,closed,The door is closed.,ドアは閉まっています。
A100209,cloth,I bought a new cloth for my dress.,ドレス用に新しい布を買いました。
A100210,clothes,I bought some new clothes.,私は新しい衣服を買った。
A100211,cloud,The sky was full of clouds today.,今日は空が雲でいっぱいだった。
A100212,cloudy,The sky was cloudy today.,今日は空がくもっていた。
A100213,club,I went to the club last night.,昨晩私はクラブに行った。
A100214,coach,The coach was very encouraging.,コーチはとても励ましてくれた。
A100215,coat,I bought a new coat for winter.,私は冬のために新しいコートを買いました。
A100216,code,It is not acceptable to our moral code.,それは私たちの道徳的規範には受け入れられない。
A100217,coffee,I like to drink coffee in the morning.,朝はコーヒーを飲むのが好きです。
A100218,coke,I bought a can of coke at the convenience store.,コンビニで缶コーラを買った。
A100219,cold,The weather is cold today.,今日は寒いです。
A100220,cold,It's just a cold.,風邪ですね。
A100221,collect,I collected all the materials necessary for the experiment.,私は実験に必要な資料を全て集めました。
A100222,collection,I have a large collection of stamps.,私は多くの切手を集めている。
A100223,college,I'm planning on going to college next year.,来年大学に行くつもりです。
A100224,color,The sky is a beautiful color.,空は美しい色です。
A100225,color,I [[like to]] color pictures with my daughter.,私は娘と一緒に絵を塗ることが好きです。
A100226,come,I will come to your house tomorrow.,明日あなたの家に行きます。
A100227,computer,I bought a new computer.,私は新しいコンピューターを買った。
A100228,concert,I'm going to the concert tomorrow.,明日はコンサートに行くつもりです。
A100229,contest,The students had a contest to see who could solve the math problem the fastest.,学生たちは数学の問題を一番速く解くのを競うコンテストを行った。
A100230,conversation,We had a pleasant conversation over dinner.,ディナーを楽しみながら素敵な会話をしました。
A100231,cook,The cook prepared a delicious meal for the guests.,料理人はお客様のために美味しい食事を準備しました。
A100232,cook,I love to cook delicious meals for my family.,私は家族のために美味しい食事を料理するのが大好きです。
A100233,cookie,I bought some cookies for the party.,パーティーのためにクッキーを買った。
A100234,cool,He is so cool.,彼はかっこいいね。
A100235,cop,The cop was patrolling the area.,警官がその地域を巡回していた。
A100236,copy,I made a copy of the book.,私は本のコピーを作りました。
A100237,corn,The farmer grew corn in his field.,農夫は自身の畑でトウモロコシを育てた。
A100238,corner,She was waiting for him in the corner of the room.,彼女は部屋の隅で彼を待っていた。
A100239,correct,The answer is correct.,その答えは正解です。
A100240,couch,I sat on the couch and watched TV.,私はソファーに座ってテレビを見ました。
A100241,could,I could swim when I was younger.,私は若い頃に泳ぐことができました。
A100242,course,I am taking a course on computer science.,コンピューターサイエンスのコースを受講しています。
A100243,cousin,My cousin lives in the countryside.,私のいとこは田舎に住んでいます。
A100244,cover,I'll put a cover over the book to protect it.,本を保護するためにカバーをかけます。
A100245,cow,The farmer bought a cow.,農夫は牛を買った。
A100246,cream,I had some cream with my cake.,私はケーキにクリームをつけました。
A100247,credit card,I used my credit card to pay for the purchase.,私は購入にクレジットカードを使いました。
A100248,cry,"The little girl was in tears, her cry echoing in the room.",小さな女の子は涙を流していて、彼女の泣き声が部屋に響いていた。
A100249,culture,The culture of this country is very unique.,この国の文化は非常に独特です。
A100250,cup,I put some coffee into the cup.,私はコーヒーをカップに入れました。
A100251,cut,I will cut the cake into four pieces.,ケーキを4つに切り分けるつもりです。
A100252,cute,The little puppy was so cute.,ちっちゃな子犬がとても可愛かった。
A100253,dad,My dad is the best!,私の父親は最高だ！
A100254,daddy,Daddy loves to say funny things.,父はおかしい事を言うのが好きだ。
A100255,dance,She loves to dance to the rhythm of the music.,彼女は音楽のリズムに合わせて踊るのが大好きです。
A100256,dance,She loves to dance.,彼女はダンスが大好きです。
A100257,dancing,She loves dancing.,彼女は踊るのが大好きだ。
A100258,dark,The sky was dark.,空は暗かった。
A100259,date,The date of the meeting is next Wednesday.,会議の日付は来週水曜日です。
A100260,daughter,My daughter is an excellent student.,私の娘は優秀な生徒です。
A100261,day,Today is a beautiful day.,今日は素晴らしい日です。
A100262,dear,His dear mother always supported him.,彼の大切な母はいつも彼を支えていた。
A100263,December,I'm looking forward to December.,12月が楽しみです。
A100264,delicious,The cake was delicious.,ケーキはおいしかった。
A100265,describe,I will describe the situation to you.,あなたに状況を説明します。
A100266,design,She likes the design on the plate.,彼女はその皿の模様が気に入っている。
A100267,desk,I have a desk in my room.,私は自分の部屋にデスクを持っている。
A100268,dictionary,I bought a new dictionary yesterday.,昨日新しい辞書を買った。
A100269,did,I did my homework yesterday.,昨日、宿題をしました。
A100270,difference,The difference between these two cars is the price.,この２台の車の違いは値段だ。
A100271,different,This book is different from others.,この本は他の本とは違う。
A100272,difficult,This problem is so difficult.,この問題はとても難しい。
A100273,dig,Badgers dig deep holes.,アナグマは深い穴を掘る。
A100274,dining room,We ate dinner in the dining room,私たちはダイニングルームで夕食を食べた
A100275,dinner,Let's have dinner in a nice restaurant tonight.,今夜はナイスなレストランでディナーしましょう。
A100276,dirty,The room was very dirty.,部屋はとても汚かった。
A100277,discuss,We discussed the plan for two hours.,私たちは２時間計画について話し合いました。
A100278,dish,I cooked a delicious dish for dinner.,夕食用に美味しい料理を作りました。
A100279,do,What do you want to do today?,今日は何をしたいですか？
A100280,doctor,I'm going to see the doctor tomorrow.,明日、私は医者に診てもらうつもりです。
A100281,does,He does his homework every day.,彼は毎日宿題をします。
A100282,dog,The dog barked loudly.,犬が大きな声で吠えた。
A100283,doing,I enjoy doing yoga every morning.,私は毎朝ヨガをすることを楽しんでいます。
A100284,doll,My daughter loves to play with her doll.,娘はドール遊びが大好きです。
A100285,dollar,I bought a cup of coffee with a dollar.,私は1ドルでコーヒーを買った。
A100286,door,He shut the door behind him.,彼は後ろのドアを閉めた。
A100287,down,She walked down the street.,彼女は通りを歩いていった。
A100288,drama,The drama was very exciting.,ドラマはとてもエキサイティングだった。
A100289,draw,"When the army drew close to the fort,",軍隊が砦にはい進んだ際に
A100290,dream,I had a strange dream last night.,昨夜、奇妙な夢を見た。
A100291,dress,She bought a new dress for the party.,彼女はパーティー用に新しいドレスを買った。
A100292,drink,I need a drink.,飲み物が必要です。
A100293,drink,I like to drink coffee in the morning.,朝にコーヒーを飲むのが好きです。
A100294,drive,I'm going to drive to the store,車で店まで行きます
A100295,driver,The driver was waiting for us at the station.,駅で私たちを待っていたドライバーがいました。
A100296,drop,He dropped the book on the floor.,彼は本を床に落とした。
A100297,drum,The drummer is playing the drum.,ドラマーがドラムを叩いている。
A100298,dry,The air in the room was dry.,部屋の空気は乾燥していた。
A100299,due,The flowers are due to bloom soon.,もうすぐ花が咲く時期です。
A100300,DVD,I bought a new DVD yesterday.,昨日新しいDVDを買った。
A100301,each,Each student must bring their own lunch.,各生徒は自分のランチを持ってこなければならない。
A100302,each,Each of the students received a prize at the ceremony.,生徒たちは式典でそれぞれ賞を受賞しました。
A100303,each other,We care about each other.,お互いに気をかけあっている。
A100304,ear,The ear is a sense organ that helps us hear sound.,耳は音を聞くのに役立つ感覚器官です。
A100305,early,He arrived early this morning.,彼は今朝早く到着しました。
A100306,easy,This task is easy.,このタスクは簡単です。
A100307,eat,I eat lunch everyday.,毎日昼ご飯を食べます。
A100308,egg,I found an egg in the backyard.,私は裏庭で卵を見つけた。
A100309,eight,I have eight pencils.,私は8本の鉛筆を持っています。
A100310,eighteen,She celebrated her eighteenth birthday with a big party.,彼女は大きなパーティーで18歳の誕生日を祝った。
A100311,eighty,There are eighty students in the class.,クラスには80人の生徒がいます。
A100312,either,I don't know what to do either.,私もどうしたらいいのか分かりません。
A100313,elementary,This math problem is elementary.,この問題は非常に簡単です。
A100314,eleven,I have eleven apples.,私はりんごを11個持っています。
A100315,else,"I tried my best, but I failed. Else, I wouldn't be here.",私は最善を尽くしたけど失敗した。もし違ったら、ここにはいないだろう。
A100316,e-mail,I received an e-mail from my boss this morning.,今朝、上司から電子メールを受け取りました。
A100317,end,The end of the story was a surprise.,物語の結末が驚きだった。
A100318,engineer,He is a talented engineer who specializes in software development.,彼はソフトウェア開発を専門とする才能あるエンジニアです。
A100319,enjoy,I enjoy playing tennis.,テニスをするのが楽しいです。
A100320,evening,I had a wonderful evening.,私は素晴らしい夜を過ごしました。
A100321,event,The event was cancelled due to bad weather.,天候不良のためにイベントはキャンセルされました。
A100322,every,Every student needs to study hard.,すべての学生は一生懸命勉強する必要があります。
A100323,everybody,Everybody should be treated equally.,すべての人が平等に扱われるべきである。
A100324,everyday,I have an everyday routine.,私は毎日の決まったルーチンを持っている。
A100325,everyone,Everyone should do their best.,皆が自分のベストを尽くすべきだ。
A100326,everything,Everything will be alright.,全てはうまくいくよ。
A100327,everywhere,The wind was blowing everywhere.,風はどこにでも吹いていた。
A100328,example,This is an example.,これは例です。
A100329,excellent,She is an excellent cook.,彼女は素晴らしい料理人です。
A100330,excited,The excited children were jumping up and down.,興奮した子供たちは飛び跳ねていた。
A100331,exciting,The upcoming event is so exciting!,次回のイベントはとてもワクワクする！
A100332,excuse,There is no excuse for such behavior.,そんな行為には弁解の余地はない。
A100333,exercise,I exercise every day.,毎日運動している。
A100334,expensive,This dress is very expensive.,このドレスはとても高価なものです。
A100335,eye,She has beautiful blue eyes.,彼女は美しい青い目をしています。
A100336,face,The face of the mountain was covered with snow.,山の面が雪で覆われていた。
A100337,factory,"The factory produced 10,000 cars last month.","先月、この工場は10,000台の車を生産しました。"
A100338,fair,The weather today is fair.,今日の天気は良いです。
A100339,fairy,The little girl believed in the power of the fairy.,小さな女の子は、妖精の力を信じていた。
A100340,false,She gave a false name to the police.,彼女は警察に偽名を伝えた。
A100341,family,My family lives in Tokyo.,私の家族は東京に住んでいます。
A100342,famous,He is a famous actor.,彼は有名な俳優です。
A100343,fan,I am a big fan of basketball.,私はバスケットボールの大ファンです。
A100344,farm,The farmer takes care of the farm.,農家は農場を世話している。
A100345,farmer,The farmer harvested his wheat last week.,先週農夫は彼の小麦を収穫した。
A100346,fast,He is a fast runner.,彼は速いランナーです。
A100347,fast,I ran fast to catch the bus.,バスに乗るために私は速く走った。
A100348,fat,The fat cat sat on the mat.,太った猫がマットに座っていた。
A100349,father,My father is a doctor.,私の父は医者です。
A100350,favorite,This is my favorite book.,これは私のお気に入りの本です。
A100351,favorite,This book is my favorite.,この本は私のお気に入りです。
A100352,February,The month of February is the second month of the year.,2月は1年の第2の月です。
A100353,feed,Soymeal is a common ingredient in animal feed.,大豆粕は動物の飼料によく使われる成分です。
A100354,feel,I feel the softness of the fabric.,私はその生地の柔らかさを感じる。
A100355,feeling,I have a feeling that something good will happen today.,今日は何か良いことが起こるという感覚がある。
A100356,festival,The town holds a festival every year.,町は毎年祭りを開催しています。
A100357,fever,I have a fever.,私は熱を出しています。
A100358,field,She loves to run and play in the field.,彼女は野原で走ったり遊んだりするのが大好きです。
A100359,fifteen,There are fifteen students in the classroom.,教室には15人の生徒がいます。
A100360,fifty,I have fifty dollars in my wallet.,私の財布には50ドルあります。
A100361,fight,The boxer was ready for the fight.,ボクサーは試合に備えていた。
A100362,file,I need to open the file.,ファイルを開かなければなりません。
A100363,fill,The balloon was filled with helium.,風船はヘリウムで満たされていた。
A100364,find,I found the lost key.,私は失くした鍵を見つけた。
A100365,fine,The artwork in the museum is fine.,美術館の作品は立派です。
A100366,finish,"The table had a beautiful finish, with a smooth, glossy surface.",テーブルは美しい仕上げが施されており、滑らかで光沢のある表面を持っていた。
A100367,finish,I need to finish my homework before going out.,私は外出する前に宿題を終わらせる必要があります。
A100368,fire,The fire spread quickly through the forest.,森林を駆け巡る炎が急速に広がっていった。
A100369,first,He is the first person to arrive at the party.,彼はパーティーに到着した最初の人です。
A100370,first,I finished first in the race.,私はレースで一番にゴールしました。
A100371,fish,I believe this fish is a freshwater fish.,これは確か淡水魚だと思います。
A100372,fishing,My father enjoys fishing on the weekend.,父は週末に釣りを楽しみに行きます。
A100373,five,I have five apples.,私はりんごを5つ持っています。
A100374,flag,The children waved their flags to show their enthusiasm.,子どもたちは熱意を表すために旗を振った。
A100375,flat,He lives in a flat.,彼はアパートに住んでいる。
A100376,floor,The floor is covered in carpet.,床にはカーペットが敷かれている。
A100377,flower,The flower is so beautiful.,花がとても美しい。
A100378,fly,I saw a fly in the kitchen.,私はキッチンでハエを見ました。
A100379,fly,I want to fly to Japan for my vacation.,私は休暇に日本に飛びたいと思っています。
A100380,focus,I'm trying to focus on my work.,私は仕事に集中しようとしている。
A100381,foggy,The sky was foggy this morning.,今朝は空が霧っていた。
A100382,following,My following steps were carefully planned.,私の次の行動は、きっちり計画されていた。
A100383,food,I love eating good food.,美味しい食べ物を食べるのが大好きです。
A100384,football,I love playing football.,私はサッカーをプレイするのが大好きです。
A100385,for,I'm studying English for my future.,将来のために英語を勉強しています。
A100386,foreign,She had a foreign accent.,彼女は外国のアクセントをしていた。
A100387,foreigner,The foreigner spoke English fluently.,外国人は英語を流暢に話していた。
A100388,forget,I have forgotten my keys.,私は鍵を忘れてしまった。
A100389,form,The form of the sculpture is abstract.,彫刻の形は抽象的です。
A100390,forty,I have forty apples.,私はりんごを40個持っています。
A100391,four,There are four apples on the table.,テーブルの上にはりんごが4つあります。
A100392,fourteen,I have fourteen books on my shelf.,私の本棚には14冊の本があります。
A100393,free,The bird flew freely in the sky.,鳥は空の中で自由に飛んでいた。
A100394,Friday,I always look forward to Friday.,金曜日を楽しみにしています。
A100395,friend,My best friend is always there for me.,親友はいつも私のそばにいてくれる。
A100396,frog,The frog jumped over the rock.,カエルが岩を越えてジャンプした。
A100397,from,I am coming from the store.,私は店から来ています。
A100398,front,The front wall of the house was decorated with a mural.,家の正面の壁には壁画が飾られていました。
A100399,fruit,I bought some fruits at the store.,お店でいくつかのフルーツを買いました。
A100400,full,The room was full of people.,部屋は人でいっぱいだった。
A100401,fun,That [[roller coaster]] was so fun!,あのジェットコースターは本当に楽しかった！
A100402,fun,Life is not all fun.,人生いいことばかりではない。
A100403,funny,He has a funny personality.,彼は面白い性格をしています。
A100404,future,The future is full of possibilities.,未来は可能性に満ちている。
A100405,game,He likes to play games.,彼はゲームをしたがるのが好きです。
A100406,garbage,The city is filled with garbage.,街はゴミでいっぱいだ。
A100407,garden,I went to the garden to pick some flowers.,私は花を摘むために庭に行きました。
A100408,get,Can you get me a glass of water?,お水を１杯取ってきてくれますか？
A100409,ghost,I saw a ghost in my bedroom last night.,昨夜私の部屋で幽霊を見た。
A100410,gift,She gave him a gift on his birthday.,彼の誕生日に彼にプレゼントをあげた。
A100411,girl,The girl was playing in the park.,少女は公園で遊んでいた。
A100412,girlfriend,John told his friends about his new girlfriend.,ジョンは友達に新しい彼女のことを話した。
A100413,give,I give my time to help others.,私は他人を助けるために自分の時間を提供します。
A100414,glad,I was glad to see him again.,彼と再び会えてうれしかった。
A100415,glass,I put the glass on the table.,テーブルの上にグラスを置きました。
A100416,glasses,My sister wears glasses to improve her vision.,私の妹は視力を改善するためにメガネをかけています。
A100417,go,I go to school every day.,私は毎日学校に行きます。
A100418,goal,My goal is to become a successful entrepreneur.,私の目標は成功した起業家になることです。
A100419,gold,The golden sunset was beautiful.,黄金色の夕日が美しかった。
A100420,good,She is a good singer.,彼女は上手な歌手です。
A100421,good afternoon,Good afternoon!,こんにちは！
A100422,good morning,Good morning!,おはようございます！
A100423,good night,Good night!,おやすみなさい！
A100424,grade,My grade was highest in the class.,クラスで一番高い点数だった。
A100425,grammar,I'm studying English grammar.,私は英語の文法を勉強しています。
A100426,grandfather,My grandfather is a kind man.,私の祖父は優しい人です。
A100427,grandma,My grandma always told me stories about her childhood.,私の祖母はいつも私に彼女の幼少時代の物語を話してくれた。
A100428,grandmother,My grandmother always tells me stories about her childhood.,私の祖母はいつも自分の子ども時代の物語を話してくれます。
A100429,grandpa,My grandpa always tells me stories about his life.,私の祖父はいつも彼の人生についての物語を話してくれます。
A100430,grandparent,My grandparent is very kind.,私の祖父母はとても親切です。
A100431,grape,I bought a bunch of grapes at the store.,私は店でブドウを一房買いました。
A100432,grass,The grass is growing in the garden.,庭に草が育っています。
A100433,gray,The sky was gray and cloudy.,空は灰色で曇っていました。
A100434,gray,The sky was a dull gray.,空はくすんだ灰色だった。
A100435,great,He is a great athlete.,彼はすごいアスリートだ。
A100436,green,The grass is green.,芝生は緑色だ。
A100437,greet,I greet my friends every morning.,私は毎朝友達に挨拶をします。
A100438,ground,The ground was wet from the rain.,雨で地面が濡れていた。
A100439,group,We formed a group to discuss the project.,プロジェクトについて話し合うためにグループを作りました。
A100440,grow,The flower grows in the garden.,花は庭で育つ。
A100441,guess,Can you guess the answer?,答えを推測できますか？
A100442,guest,The guests arrived early for the party.,パーティーには客が早く到着した。
A100443,guitar,He enjoys playing the guitar.,彼はギターを演奏するのが好きです。
A100444,guy,The guy was standing in the corner of the room.,部屋の片隅に立っていた男性だった。
A100445,habit,Exercising regularly is a good habit.,定期的な運動は良い習慣です。
A100446,had,I had a great time at the party last night.,昨夜のパーティーで楽しい時間を過ごしました。
A100447,hair,"She has long, beautiful hair.",彼女は長くて美しい髪を持っています。
A100448,haircut,I'm going to get a haircut this weekend.,今週末、私は理髪をしに行くつもりです。
A100449,half,I ate half of the cake.,私はケーキの半分を食べた。
A100450,hall,The kids ran and shouted in the hall.,子供達がホールで走り回りながら叫んでいた。
A100451,hamburger,I'm going to have a hamburger for lunch.,ランチにハンバーガーを食べるつもりなんだ。
A100452,hand,He held her hand to comfort her.,彼は彼女を慰めるために彼女の手を握った。
A100453,handsome,He is a handsome man.,彼はハンサムな男だ。
A100454,happen,It happened so quickly that we couldn't react.,あまりにも急な出来事だったので、私たちは反応できませんでした。
A100455,happy,He was so happy that he smiled all the time.,彼はとても幸せなので、いつも笑っていた。
A100456,hard,The rock is hard and cannot be broken.,その岩は硬くて割れない。
A100457,hard,She worked hard to achieve her goals.,彼女は目標を達成するために一生懸命働きました。
A100458,has,She has a cat.,彼女は猫を飼っています。
A100459,hat,I bought a new hat yesterday.,昨日新しい帽子を買いました。
A100460,have,I have finished my homework.,私は終えました/宿題を
A100461,have to,I have to go now.,今すぐ行かないといけない。
A100462,having,She enjoys having dinner with her friends.,彼女は友達と夕食を楽しんでいます。
A100463,he,He is my father.,彼は私の父です。
A100464,head,The elephant has a large head.,象は大きな頭を持っている。
A100465,headache,I have a headache.,私は頭痛がします。
A100466,health,Exercising regularly is good for your health.,運動を定期的に行うと健康に良いです。
A100467,healthy,He is a healthy person.,彼は健康な人です。
A100468,hear,I heard the sound of the bell.,私はベルの音を聞いた。
A100469,heart,I have a big heart.,私は大きな心を持っている。
A100470,heavy,The heavy box was too much for him to carry.,彼には重い箱を持ち運ぶのが難しかった。
A100471,hello,"Good morning, everyone. Let's say 'hello' to start the day.",みなさん、おはようございます。一日を始めるために「hello」と言いましょう。
A100472,help,He helped me with my homework.,彼は私の宿題を手伝ってくれた。
A100473,her,Her car is parked outside.,彼女の車は外に駐車されています。
A100474,her,I gave her a gift for her birthday.,彼女の誕生日に彼女にプレゼントをあげました。
A100475,here,Come here!,ここに来て！
A100476,hers,This book is hers.,この本は彼女の物です。
A100477,hi,"Hi, how are you?",こんにちは、お元気ですか？
A100478,hide,The cat hid under the bed.,猫はベッドの下に隠れた。
A100479,high,The mountain is high.,山が高いです。
A100480,hill,We climbed the hill and enjoyed the beautiful view.,私たちは丘を登って美しい景色を楽しんだ。
A100481,him,He loves him very much.,彼は彼をとても愛している。
A100482,his,His car is red.,彼の車は赤い。
A100483,his,This is his book.,これは彼の本です。
A100484,history,I'm studying the history of the United States.,アメリカの歴史を勉強しています。
A100485,hobby,My hobby is playing the guitar.,私の趣味はギターを弾くことです。
A100486,hold,Keep a tight hold on your tickets.,チケットはしっかり持っておくこと。
A100487,hole,The rabbit jumped into the hole.,ウサギが穴に飛び込んだ。
A100488,holiday,I'm going on a holiday next month.,来月休暇を取るつもりです。
A100489,home,I love coming home after a long day at work.,仕事の長い一日の後に家に帰るのが大好きです。
A100490,hometown,"I'm from Osaka, which is my hometown.",私は大阪出身で、そこが私の故郷です。
A100491,homework,I'll finish my homework and go to bed.,宿題を終わらせて寝よう。
A100492,hope,They figured there was no hope.,彼らは望みがないと判断した。
A100493,horse,The horse ran around the track quickly.,馬はトラックを素早く走り回った。
A100494,hospital,I went to the hospital to get a check-up.,私は検査を受けるために病院へ行った。
A100495,hot,The coffee is too hot to drink.,コーヒーは飲むには熱すぎます。
A100496,hotel,I'm staying at a hotel.,私はホテルに泊まっています。
A100497,hour,I have only one hour to finish this assignment.,この課題を終わらせるのに1時間しかありません。
A100498,house,My house is very big.,私の家はとても大きいです。
A100499,how,How do you like your coffee?,コーヒーはどんな味にしますか？
A100500,hungry,The hungry cat was meowing loudly.,腹ペコな猫が大きな声で鳴いていた。
A100501,hurry,I am [[in a hurry]] to catch the train.,電車に間に合うために急いでいます。
A100502,hurt,He hurt himself when he fell.,彼は転んだときに怪我をした。
A100503,husband,My husband loves to cook.,私の夫は料理が大好きです。
A100504,I,I am going to the park.,私は公園に行くつもりです。
A100505,ice,I like to eat ice cream on a hot day.,暑い日にアイスクリームを食べるのが好きです。
A100506,ice cream,I like to have ice cream after dinner.,私は夕食後にアイスクリームを食べるのが好きです。
A100507,idea,I have an idea.,私にはアイデアがある。
A100508,ideal,This is an ideal job for me.,これは私にとって理想の仕事です。
A100509,if,"If you go to the store, don't forget to buy milk.",もしお店に行くのなら、牛乳を買うのを忘れないでね。
A100510,imagine,I imagined a world where everyone was happy.,私は全員が幸せな世界を想像した。
A100511,important,This decision is an important one.,この決定は重要なものです。
A100512,in,I left my keys in the car.,私は車の中に鍵を置き忘れました。
A100513,information,The internet provides us with a wealth of information.,インターネットは我々に多くの情報を提供してくれています。
A100514,inside,The cat is sleeping inside the box.,猫は箱の中で寝ています。
A100515,interested,I'm very interested in learning about this topic.,私はこのトピックの習得にとても関心があります。
A100516,interesting,The interesting story made me laugh out loud.,面白い物語で私は大笑いした。
A100517,internet,I use the internet every day to stay connected with friends and family.,毎日インターネットを使って友達や家族とつながっています。
A100518,interview,I had an interview with a famous actor yesterday.,昨日、有名な俳優にインタビューをしました。
A100519,interviewer,The interviewer asked me many questions.,インタビュアーは私に多くの質問をした。
A100520,into,He jumped into the pool.,彼はプールに飛び込んだ。
A100521,introduce,I will introduce you to my friends.,私は友達にあなたを紹介します。
A100522,is,She is a doctor.,彼女は医者です。
A100523,island,The island was full of palm trees.,島はヤシの木で一杯だった。
A100524,it,It is already mentioned.,それはすでに言及されています。
A100525,item,The store has a wide variety of items.,店には多種多様な商品があります。
A100526,its,Its color is beautiful.,その色は美しいです。
A100527,its,I found a lost dog and returned it to its owner.,迷子の犬を見つけ、飼い主に返しました。
A100528,jacket,I bought a new jacket at the store.,私は店で新しいジャケットを買った。
A100529,January,I'm looking forward to the warm days of January.,1月の暖かい日を楽しみにしています。
A100530,jeans,I bought a new pair of jeans yesterday.,昨日新しいジーンズを買った。
A100531,jet,The jet took off in a hurry.,ジェット機は急いで離陸した。
A100532,jewelry,She wore a beautiful piece of jewelry to the party.,彼女はパーティーに美しい宝石を身に着けていました。
A100533,job,I'm looking for a job.,私は仕事を探しています。
A100534,join,Let's join the party tonight.,今夜のパーティーに参加しましょう。
A100535,judge,The court judged the case.,法廷はその訴訟に判決を下した。
A100536,juice,I love to drink a glass of freshly squeezed juice.,私は新鮮なジュースを一杯飲むのが大好きです。
A100537,July,This July marks the fifth anniversary of our company.,今年の7月で当社が5周年を迎える。
A100538,jump,She can jump really high.,彼女は本当に高く跳べる。
A100539,June,The summer heat will start in June.,夏の暑さは６月から始まる。
A100540,just,He just arrived at the airport.,彼は今、空港に到着した。
A100541,keep,I will keep my promise.,私は約束を守ります。
A100542,key,The key element for success is determination.,成功の鍵となる要素は決意です。
A100543,key,I can't find the key to my car.,私は車の鍵が見つからない。
A100544,kick,I gave the soccer ball a hard kick.,私はサッカーボールを強く蹴った。
A100545,kick,He kicked the ball into the goal.,彼はボールをゴールにけった。
A100546,kid,The kids are playing in the park.,子供たちは公園で遊んでいます。
A100547,kill,The hunter killed the deer.,猟師は鹿を殺した。
A100548,kind,She is a kind person.,彼女は親切な人です。
A100549,king,The King was crowned in the Church.,国王は教会で戴冠式を行った。
A100550,kiss,He gave her a kiss on the cheek.,彼は彼女の頬にキスをした。
A100551,kitchen,She is cooking in the kitchen.,彼女はキッチンで調理している。
A100552,kite,The children flew kites in the park.,子供たちは公園で凧を揚げた。
A100553,knee,I twisted my knee while I was playing soccer.,サッカーをしているときに膝をひねってしまった。
A100554,knife,I used a knife to cut the vegetables.,私は野菜を切るのにナイフを使った。
A100555,know,I know the answer.,私は答えを知っています。
A100556,lady,The lady in the dress is beautiful.,ドレスを着たお嬢さんは美しい。
A100557,language,English is my favorite language.,私の好きな言語は英語です。
A100558,large,The house has a large garden.,家には大きな庭があります。
A100559,last name,What's your last name?,あなたの苗字は何ですか？
A100560,late,He arrived late for the meeting.,彼は会議に遅れて到着しました。
A100561,late,I arrived late to the meeting.,私は会議に遅れて到着しました。
A100562,later,I'll do it later.,後で行うつもりです。
A100563,laugh,She laughed at the joke.,彼女はそのジョークに笑った。
A100564,lazy,He is very lazy.,彼はとても怠惰だ。
A100565,leader,The leader of the team was very inspiring.,チームのリーダーは非常に刺激的でした。
A100566,leaf,The leaf of the tree was very large.,木の葉はとても大きかった。
A100567,learn,I'm learning English.,私は英語を学んでいます。
A100568,leave,He left the office at 5 o'clock.,彼は5時にオフィスを出た。
A100569,left,The left shoe was too small for her.,彼女のための左の靴は小さすぎた。
A100570,leg,He broke his leg in the accident.,彼は事故で足を折った。
A100571,lesson,I learned a lot in the lesson.,レッスンでたくさん学びました。
A100572,let,Let's have a party tonight.,今夜パーティーを開こう！
A100573,letter,I received a letter from her yesterday.,昨日彼女からの手紙を受け取った。
A100574,library,I went to the library to borrow some books.,私は本を借りるために図書館に行った。
A100575,life,Life is full of surprises.,人生は意外なことがいっぱいあります。
A100576,light,The feather is light.,その羽は軽いです。
A100577,light,The light from the sun is warm and comforting.,太陽の光は暖かくて心地よいです。
A100578,like,She looks like her mother.,彼女は母親に似ている。
A100579,like,I like to eat pizza.,私はピザを好む。
A100580,lily,The lily was blooming in the garden.,庭にはユリが咲いていた。
A100581,line,The line for the concert tickets was incredibly long.,コンサートのチケットの列は信じられないほど長かった。
A100582,lion,The lion roared loudly.,ライオンが大きな声で吠えた。
A100583,list,I made a list of things I need to do today.,今日やるべきことのリストを作った。
A100584,listen,I always listen to my parents' advice.,私はいつも両親の助言に耳を傾けている。
A100585,little,The little girl was afraid of the dark.,その小さな女の子は暗闇が怖かった。
A100586,little,She spoke a little too fast for me to catch everything.,彼女は少し速く話したので、私はすべてを聞き取ることができませんでした。
A100587,live,I live in a small town.,私は小さな町に住んでいます。
A100588,living,No living things could live without oxygen.,生物は酸素なしでは生きられない。
A100589,living room,We spent the evening in the living room.,私たちは夜をリビングルームで過ごした。
A100590,lonely,He was feeling lonely.,彼は孤独を感じていた。
A100591,long,She has long hair.,彼女は髪が長いです。
A100592,look,Take a look at that gorgeous sunset.,あの美しい夕日を見て。
A100593,look,Look at the beautiful sunset!,美しい夕日を見てごらん！
A100594,lot,She talks a lot.,彼女はよく話します。
A100595,lot,A lot of people are coming to the party tonight.,今夜、たくさんの人々がパーティーに来ます。
A100596,love,I fell in love with my best friend.,私は親友に恋をした。
A100597,love,I love playing tennis.,私はテニスをするのが大好きです。
A100598,lovely,She was wearing a lovely dress.,彼女は素敵なドレスを着ていた。
A100599,luck,I need luck to pass the exam.,試験に合格するために運が必要だ。
A100600,lucky,He was lucky to be alive.,彼は生きていて幸運だった。
A100601,lunch,Let's go out for lunch.,お昼に外で食べに行こう！
A100602,'m,I'm going to the store.,私は店に行くつもりです。
A100603,machine,The company produces machines for industrial use.,会社は産業用の機械を製造しています。
A100604,magazine,I bought an interesting magazine in the bookstore.,私は書店で面白い雑誌を買った。
A100605,mail,I received an email from my friend.,友達からメールを受け取りました。
A100606,make,I'm making a cake.,私はケーキを作っています。
A100607,man,The old man walked slowly down the street.,老人はゆっくりと通りを歩いていった。
A100608,many,Many people enjoy going to the beach during the summer.,多くの人々が夏にビーチに行くことを楽しんでいます。
A100609,many,Many people believe in the power of positive thinking.,多くの人々がポジティブ思考の力を信じています。
A100610,map,I need a map to find my way around this city.,この街を歩き回るには地図が必要です。
A100611,March,March is the third month of the year.,3月は1年のうちで3番目の月です。
A100612,match,The soccer match was intense.,サッカーの試合は激しかった。
A100613,math,I love math and enjoy solving numerical problems.,私は数学が大好きで、数値の問題を解くのが楽しいです。
A100614,matter,The matter is still under investigation.,この件はまだ調査中です。
A100615,may,She may come to the party tonight.,彼女は今夜のパーティーに来るかもしれません。
A100616,May,May is the fifth month of the year.,５月は年の第５ヶ月です。
A100617,maybe,I'll consider it maybe.,それは検討してみるかもしれません。
A100618,me,Can you help me?,私を助けてくれますか？
A100619,meal,I'll have dinner at the restaurant for the meal.,食事はレストランで食べます。
A100620,mean,What do you mean?,何を意味していますか？
A100621,meat,I like to eat meat.,私は肉を食べるのが好きです。
A100622,medicine,I take medicine every day.,毎日、薬を飲みます。
A100623,meet,I will meet you at the station.,駅であなたに会いに行きます。
A100624,meeting,I attended the meeting yesterday.,昨日のミーティングに出席しました。
A100625,memory,I have a good memory.,私は記憶力がいいです。
A100626,merry,The family gathered around the Christmas tree with a merry spirit.,家族は喜びに満ちた気持ちでクリスマスツリーの周りに集まった。
A100627,message,I received an important message from my boss.,私は上司から重要なメッセージを受け取りました。
A100628,middle,She stood in the middle of the room.,彼女は部屋のまん中に立っていた。
A100629,milk,I drink a glass of milk every day.,毎日牛乳を１杯飲んでいます。
A100630,mind,He has a sharp mind.,彼は鋭い知性を持っている。
A100631,mine,This book is mine.,この本は私のものです。
A100632,minute,,
A100633,Miss,She is a miss.,彼女は未婚婦人です。
A100634,miss,I miss my family so much.,私は家族がとても恋しいです。
A100635,mobile,I forgot my mobile at home.,私は家に携帯を忘れてしまった。
A100636,mobile phone,I bought a new [[mobile phone]] yesterday.,昨日新しい携帯電話を買った。
A100637,mom,My mom is always full of energy.,私の母親はいつも元気いっぱいです。
A100638,moment,I'm having a moment of clarity.,一瞬、物事がはっきりしてきました。
A100639,mommy,My mommy is the best.,私のおかあちゃんは最高です。
A100640,Monday,Today is Monday.,今日は月曜日です。
A100641,money,I saved a lot of money this month.,今月はたくさんお金を節約した。
A100642,monkey,The monkey climbed up the tree.,猿が木に登っていった。
A100643,month,I will go back home next month.,来月に家に帰ります。
A100644,moon,The moon is shining brightly.,月が明るく輝いている。
A100645,more,,
A100646,more,He has more than me.,彼は私よりも多くを持っている。
A100647,morning,The morning sun was so beautiful.,朝日が美しかった。
A100648,most,Most of the people were happy.,ほとんどの人々は幸せでした。
A100649,mother,My mother is a kind and loving person.,私の母は親切で愛情深い人です。
A100650,mountain,We climbed the mountain.,僕たちは山を登りました。
A100651,mouse,The mouse ran from the cat.,ネズミは猫から逃げた。
A100652,mouth,She opened her mouth to speak.,彼女は口を開けて話し始めた。
A100653,move,The move to the new city was quite challenging for me.,新しい都市への移動は私にとってかなりの挑戦でした。
A100654,movie,I saw a movie last night.,昨晩、私は映画を見ました。
A100655,Mr,Mr. Smith is my neighbor.,スミスさんは私の隣人です。
A100656,Mrs,Mrs. Smith is my neighbor.,スミスさんは私の隣人です。
A100657,much,She is much taller than her sister.,彼女は妹よりずっと背が高い。
A100658,much,She didn't eat much dinner.,彼女は晩ご飯をあまり食べませんでした。
A100659,much,Much of the food was left uneaten.,食べ物の多くが残されました。
A100660,mum,My mum is the best.,私のお母さんは最高です。
A100661,music,I love listening to music.,私は音楽を聴くのが大好きです。
A100662,musician,The musician played a beautiful melody on the piano.,ピアニストは美しい旋律を弾いた。
A100663,must,You must finish your homework before you can go out to play.,遊びに行く前に宿題を終わらせなければなりません。
A100664,my,This is my car.,これは私の車です。
A100665,name,The name of the game is soccer.,ゲームの名前はサッカーです。
A100666,nationality,My nationality is Japanese.,私の国籍は日本人です。
A100667,near,The grocery store is near my house.,スーパーマーケットは私の家の近くにあります。
A100668,neck,She put a necklace around her neck.,彼女は自分の首にネックレスをつけた。
A100669,need,It needs to be repaired.,それは修理しなくちゃだめだよ。
A100670,neighbor,My neighbor is a friendly person.,私の隣人は親切な人です。
A100671,never,I will never forget this day.,この日は決して忘れない。
A100672,new,This is a new phone.,これは新しい携帯電話です。
A100673,news,I read the news every day.,毎日ニュースを読んでいます。
A100674,newspaper,I read the newspaper every day.,毎日新聞を読んでいます。
A100675,nice,She has a nice personality.,彼女は優しい性格を持っている。
A100676,night,I love the quietness of the night.,夜の静けさを愛している。
A100677,nine,I have nine apples.,私はりんごを9個持っています。
A100678,nineteen,I have nineteen books on my shelf.,私の本棚には19冊の本があります。
A100679,ninety,Ninety is the number that comes after eighty-nine.,90は89の後に来る数です。
A100680,no,"No, I don't want to go to the party tonight.",いや、今夜のパーティーには行きたくない。
A100681,no,There is no way I can finish this task on time.,私にはこの仕事を時間内に終わらせる方法は一つもありません。
A100682,noise,The noise from the construction was unbearable.,施工からのノイズは耐えられなかった。
A100683,nose,He has a big nose.,彼は大きな鼻を持っている。
A100684,not,I do not want to go to the party.,私はパーティーに行きたくない。
A100685,note,I wrote a note to myself so I won't forget.,私は自分自身にメモを書いて忘れないようにしました。
A100686,note,Please note down the important information.,重要な情報をメモしてください。
A100687,notebook,I always carry my notebook with me.,私はいつも私のノートを持ち歩いています。
A100688,nothing,There's nothing I can do.,私にできることは何もない。
A100689,November,November is the eleventh month of the year.,11月は1年の11番目の月である。
A100690,now,I will finish this work now.,今この仕事を終えます。
A100691,number,I have a large number of books in my collection.,私のコレクションにはたくさんの本があります。
A100692,nurse,The nurse took care of the patient.,ナースは患者の世話をした。
A100693,o'clock,I will meet you at o'clock,あなたと０時に会いましょう
A100694,October,It's October now.,今は10月です。
A100695,of,He gave me a book of [[fairy tales|fairy tale]].,彼は私に童話の本をくれた。
A100696,off,The negotiation is off.,交渉は中止になった。
A100697,office,I went to the office to pick up some documents.,オフィスに文書を取りに行った。
A100698,officer,The police officer arrested the suspect.,警察官は容疑者を逮捕した。
A100699,often,He often visits Tokyo.,彼はよく東京を訪れる。
A100700,OK,This decision is OK with me.,この決定は私にとってよろしいです。
A100701,okay,"Okay, let's try to solve this problem together.",よし、一緒にこの問題を解決しよう。
A100702,old,This is an old book.,これは古い本です。
A100703,Olympics,I am [[looking forward to|look forward to]] the Olympics.,オリンピックを楽しみにしています。
A100704,on,The book is on the table.,本はテーブルの上にあります。
A100705,once,"Once I got on the train, I felt relieved.",電車に乗ったら、安心しました。
A100706,one,The restaurant only had one table available.,レストランには1つのテーブルしか空いていませんでした。
A100707,one,I have only one apple.,私はりんごを1つだけ持っています。
A100708,only,She is the only child in the family.,彼女は家族の中で唯一の子供です。
A100709,only,I can only stay for an hour.,私は1時間しか滞在できません。
A100710,open,The door was left open and the cat got out.,ドアが開けっ放しで猫が出てしまった。
A100711,open,I open the door.,私はドアを開けます。
A100712,opera,I saw an opera last night.,昨晩オペラを見た。
A100713,or,I'll go to the store or to the library.,お店か図書館かどちらかに行くつもりです。
A100714,orange,The orange sun sank slowly below the horizon.,オレンジ色の夕日がゆっくりと地平線の下に沈んでいった。
A100715,orange,I ate an orange for breakfast.,朝食にオレンジを食べました。
A100716,order,I placed an order for a new pair of shoes.,
A100000,,,
A100000," I'd like to make an order. すみません、注文してもいいですか？""",私は新しい靴のオーダーをしました。,
A100717,other,The other students all got higher scores than me.,他の学生は皆私よりも高い点数を取った。
A100718,our,This is our house.,こちらは私たちの家です。
A100719,ours,The picnic basket is ours.,ピクニックのかごは私たちのものです。
A100720,out,She stepped out of the car.,彼女は車から外に出た。
A100721,outside,It is raining outside.,外は雨が降っています。
A100722,over,The bird flew over the house.,鳥は家の上を飛んだ。
A100723,own,He has an own car.,彼は自分の車を持っている。
A100724,owner,The owner of the house is my father.,家の所有者は私の父です。
A100725,P.M.,I have a P.M. meeting today.,今日は午後の会議があります。
A100726,page,I printed out the page I needed.,私は必要なページを印刷した。
A100727,paint,I bought some new paint for the living room.,私はリビングルーム用に新しいペンキを買いました。
A100728,paint,She loves to paint beautiful landscapes.,彼女は美しい風景を描くことが大好きです。
A100729,painting,I bought a painting at the art museum.,美術館で絵画を購入しました。
A100730,pair,He bought a new pair of shoes.,彼は新しい靴を一足買った。
A100731,palace,The queen lives in a luxurious palace.,女王は豪華な宮殿に住んでいる。
A100732,pants,I'm wearing a pair of black pants.,私は黒のズボンをはいています。
A100733,paper,I need some paper to write on.,私は書くのに紙が必要です。
A100734,paragraph,The essay was composed of several paragraphs.,エッセイはいくつかの段落で構成されていた。
A100735,pardon,I asked him for his pardon.,彼に許しを求めた。
A100736,parent,My parents are very supportive of me.,私の両親は私をとても支えてくれています。
A100737,park,Let's go to the park.,公園に行こう。
A100738,partner,My partner and I have been married for four years.,私とパートナーは4年間結婚しています。
A100739,party,We had a great party last night.,昨晩はとても楽しいパーティーを開いた。
A100740,past,"They walked past, ignoring me.",彼らは無視して歩いて通り過ぎた。
A100741,past,I walked past the park.,私は公園を通り越して歩きました。
A100742,pay,I received my pay today.,今日、私は給料を受け取った。
A100743,pay,I need to pay my bills by the end of the month.,月末までに請求書を支払わなければなりません。
A100744,peace,We hope for peace.,私たちは平和を願っています。
A100745,pen,I bought a new pen.,新しいペンを買った。
A100746,pencil,I wrote my homework with a pencil,私は鉛筆で宿題を書いた
A100747,people,People are gathering in the park.,公園に人々が集まっている。
A100748,period,The period of the dinosaurs lasted [[up to]] 65 million years.,"恐竜の時代は6,500万年まで続いたと言われています。"
A100749,person,The person is a kind person.,その人は親切な人です。
A100750,personal,She gave me a personal gift.,彼女は私に個人的な贈り物をくれました。
A100751,pet,My pet is a small dog.,私のペットは小さな犬です。
A100752,phone,I left my phone at home,私は家に携帯を忘れてきた
A100753,phone,I'll phone you later,後であなたに電話します
A100754,photo,She took a photo of the sunset.,彼女は夕焼けの写真を撮りました。
A100755,piano,I'm playing the piano.,私はピアノを弾いています。
A100756,pick,He picked up the pen from the desk.,彼は机からペンを拾い上げた。
A100757,picnic,We had a picnic in the park.,公園でピクニックをした。
A100758,picture,I have a picture of my family.,私は家族の写真を持っています。
A100759,piece,I found a piece of cloth on the floor.,床に一枚の布切れを見つけました。
A100760,pig,The pig squealed when it was touched.,豚は触られると鳴いた。
A100761,pink,The sky is so pink tonight.,今夜の空はとてもピンク色です。
A100762,pizza,I love to eat pizza,私はピザを食べるのが大好きです
A100763,place,That is a good place to live.,そこは住むのによい場所だ。
A100764,plan,I made a plan for the future.,将来のための計画を立てました。
A100765,plane,I took a plane to Hawaii.,私はハワイへ飛行機で行きました。
A100766,play,I love to watch a play at the theater.,私は劇場で芝居を見るのが好きです。
A100767,play,I love to play soccer with my friends.,私は友達とサッカーをするのが大好きです。
A100768,player,The football team has an excellent player.,サッカーチームには優秀な選手がいます。
A100769,pleasure,Finding pleasure in the little things is the key to happiness.,小さなことに喜びを見つけることが幸福の鍵です。
A100770,pocket,I put the keys in my pocket.,私はキーをポケットに入れた。
A100771,poem,She wrote a beautiful poem about love.,彼女は愛についての美しい詩を書いた。
A100772,point,How many points did you get?,何点ゲットしましたか？
A100773,pollution,The city has a serious problem with pollution.,都市は汚染の問題が深刻です。
A100774,pool,I love swimming in the pool during the summer.,夏にプールで泳ぐのが大好きです。
A100775,poor,The poor man can barely afford his rent.,その貧しい男は家賃を払うのがやっとだ。
A100776,pop,"His music collection includes [[not only rock and jazz, but also|not only]] [[a lot of]] pop.",彼の音楽コレクションには、ロックやジャズだけでなく、多くのポップスも含まれています。
A100777,post,I need to send a post today.,今日、郵便を出さなければなりません。
A100778,poster,I have a poster of my favorite band in my room.,部屋に自分の好きなバンドのポスターを持っている。
A100779,potato,I made mashed potatoes for dinner.,夕食にマッシュポテトを作りました。
A100780,practice,I need to do more practice to improve my skills.,私はスキルを向上させるためにもっと練習をしなければなりません。
A100781,practice,I practice playing the piano every day.,私は毎日ピアノを演奏する練習をします。
A100782,pray,I pray for world peace.,世界の平和を祈っています。
A100783,present,I received a beautiful present for my birthday.,私は誕生日に素敵な贈り物をもらいました。
A100784,pretty,The girl had a pretty dress on.,彼女はきれいなドレスを着ていた。
A100785,price,The price of the product is reasonable.,その商品の価格は手頃なものです。
A100786,prince,The prince saved the princess from the dragon.,王子がドラゴンから姫を救った。
A100787,princess,The princess was wearing a beautiful dress.,姫は美しいドレスをきていた。
A100788,problem,We have to solve this problem.,この問題を解決しなければなりません。
A100789,program,I attended a program at the local community center.,私は地元のコミュニティセンターで催し物に参加しました。
A100790,purple,She wore a purple dress to the party.,彼女はパーティーに紫のドレスを着ていた。
A100791,push,I push the door open.,私はドアを押して開ける。
A100792,put,I put the book on the table.,私は本をテーブルの上に置きました。
A100793,quarter,I will meet you in a quarter.,私はあなたと15分後に会います。
A100794,question,What is the question?,どんな質問なのですか？
A100795,quickly,He quickly finished his homework.,彼は素早く宿題を終えました。
A100796,quiet,The park was peaceful and quiet.,公園は静かで平和な雰囲気がありました。
A100797,rabbit,The rabbit hopped through the garden.,ウサギが庭を跳ね回った。
A100798,radio,I bought a radio for my bedroom.,私は自分の部屋用にラジオを買った。
A100799,rain,The rain poured down all day.,その日は一日中雨が降り続いた。
A100800,rain,I hope it doesn't rain tomorrow.,明日雨が降らないことを願います。
A100801,rainy,"The sky was a gloomy, rainy day.",空は陰気な、雨の日でした。
A100802,rat,The rat scurried across the floor.,そのネズミは床を駆け抜けた。
A100803,'re,You're the best friend I've ever had.,あなたは私が今まで出会った中で最高の友達です。
A100804,read,I read a book yesterday.,昨日本を読んだ。
A100805,reader,The reader should be aware of the consequences before making a decision.,読者は決断する前にその結果について意識しておくべきである。
A100806,reading,I enjoy reading books.,本を読むのが好きです。
A100807,ready,The project is ready to be launched.,プロジェクトは実行準備が整いました。
A100808,real,He is living in the real world.,彼は現実の世界で生活している。
A100809,real,I can't believe it's already June! Time is passing real quickly.,もう6月かと思うと信じられない！時間がすごい速さで過ぎていく。
A100810,really,He really loves her.,彼は彼女を本当に愛している。
A100811,reason,I'm asking for a reason.,なぜかを尋ねています。
A100812,red,The sky was a deep red color.,空は深い赤色であった。
A100813,remember,I will always remember you.,あなたをいつも覚えています。
A100814,repeat,I will repeat the same question again.,同じ質問をもう一度繰り返します。
A100815,reporter,The reporter wrote an article about the scandal.,レポーターはスキャンダルの記事を書いた。
A100816,restaurant,We went to the restaurant for dinner.,私たちは夕食のためにレストランへ行きました。
A100817,result,The result of the experiment was surprising.,実験の結果は驚きだった。
A100818,review,I wrote a review of the new movie.,新しい映画のレビューを書きました。
A100819,ribbon,She tied a bright red ribbon around the gift box.,彼女はギフト箱に明るい赤いリボンを巻き付けた。
A100820,rice,I ate some rice for lunch.,昼食にごはんを食べた。
A100821,rich,He is a rich man.,彼は金持ちの男です。
A100822,ride,I took a ride on a roller coaster at the amusement park.,私は遊園地でジェットコースターに乗った。
A100823,ride,I love to ride my bike to work every day.,毎日自転車で仕事に乗って行くのが大好きです。
A100824,right,She is the right person for the job.,彼女はその仕事に最適な人材です。
A100825,right,She turned right at the corner.,彼女は角を右に曲がった。
A100826,ring,The church bells ringing in the distance.,教会の鐘の音が遠くから聞こえてきた。
A100827,river,The river was so beautiful that it captivated my heart.,その川はとても美しくて、私の心を惹きつけた。
A100828,role,She assumed a leadership role in the team.,彼女はチームでリーダーシップの役割を担いました。
A100829,room,I will go to the room.,私は部屋に行きます。
A100830,rose,I bought a rose for her.,彼女のためにバラを買った。
A100831,row,The children sat in a row.,子供たちは一列に並んで座った。
A100832,rude,He was very rude to his parents.,彼は両親にとても失礼な態度を取っていた。
A100833,rule,The school has a strict rule about attendance.,学校には出席に関する厳しいルールがある。
A100834,ruler,The ruler was made of brass.,その定規は真鍮で作られていました。
A100835,run,He went for a run after work.,彼は仕事後にランニングをしました。
A100836,run,I usually run in the morning for exercise.,私は通常、運動のために朝に走ります。
A100837,'s,She has a beautiful smile.,彼女は美しい笑顔を持っています。
A100838,sad,The girl was sad when her best friend moved away.,彼女の親友が引っ越してしまった時、女の子は悲しんでいた。
A100839,sailor,The sailor sailed across the sea.,水夫は海を渡りきった。
A100840,salad,I ate a salad for lunch.,昼食にサラダを食べた。
A100841,sale,The sale will start in two hours.,2時間後にセールが開始します。
A100842,same,We have the same car.,私たちは同じ車を持っています。
A100843,same,I feel the same way about it.,私も同じように感じています。
A100844,same,Are you wearing the same shirt as yesterday?,昨日と同じシャツを着ているの？
A100845,sandwich,I love to eat sandwich for lunch.,私は昼食にサンドイッチを食べるのが大好きです。
A100846,Saturday,I'm looking forward to Saturday.,土曜日が楽しみです。
A100847,save,I saved the document to my computer.,ドキュメントをコンピューターに保存しました。
A100848,saw,I saw a beautiful sunset yesterday.,昨日、美しい夕日を見ました。
A100849,say,She didn't say anything.,彼女は何も言わなかった。
A100850,school,I'm going to school.,私は学校に行きます。
A100851,science,Science is the study of the natural world.,科学とは自然界の研究である。
A100852,scientist,The scientist conducted extensive research on the subject.,科学者はそのテーマに関して広範な研究を行った。
A100853,sea,The sea is beautiful.,海は美しい。
A100854,seat,I had to take the last seat on the bus.,私はバスの一番後ろの席に座らなければならなかった。
A100855,second,This is my second car.,これは私の2台目の車です。
A100856,section,This book is divided into 10 sections.,この本は１０つのセクションに分かれている。
A100857,see,I saw the movie last night.,昨晩、私はその映画を見た。
A100858,self,I am true to myself.,自分自身に忠実である。
A100859,sell,I'm selling my car.,私は車を売っています。
A100860,sentence,The sentence is grammatically correct.,文法的に正しい文です。
A100861,September,The weather in September was warm and sunny.,9月の気候は暖かく晴れていた。
A100862,set,She set the table with dishes.,彼女は皿をテーブルに置いた。
A100863,seven,There are seven days in a week.,週には7日あります。
A100864,seventeen,I have seventeen books on my shelf.,私の本棚には17冊の本があります。
A100865,seventy,I have seventy dollars in my wallet.,私の財布には70ドルあります。
A100866,shake,"Feeling the house shake, I ran outside.",家が揺れるのを感じて、私は走って外へ飛び出した。
A100867,share,We shared the secret among us.,私たちの間でその秘密を共有した。
A100868,she,She is a beautiful girl,彼女は美しい少女です
A100869,sheep,The farmer has a lot of sheep.,農夫はたくさんの羊を持っている。
A100870,shelf,The books are neatly arranged on the shelf.,本がきちんと棚に並べられている。
A100871,ship,The ship sailed across the Pacific Ocean.,その船は太平洋を横断した。
A100872,shirt,I bought a new shirt yesterday.,昨日新しいシャツを買った。
A100873,shoe,I bought a new pair of shoes.,新しい靴を買った。
A100874,shop,I went to the shop to buy some food.,私は食料品を買うためにお店に行きました。
A100875,shopping,I love shopping.,私はショッピングが大好きです。
A100876,short,She is short and petite.,彼女は背が低く、小柄です。
A100877,short,He stopped short when he saw the car coming towards him.,彼は車が近づいてくるのを見て急に止まった。
A100878,should,You should study for the exam.,試験の勉強をすべきである。
A100879,shoulder,He put his hands on his shoulders to stretch.,彼は体を伸ばすために肩に手を置いた。
A100880,show,I showed him my house.,私は彼に私の家を見せた。
A100881,shower,I took a shower this morning.,朝、シャワーを浴びました。
A100882,shy,She is shy and doesn't like speaking in public.,彼女は恥ずかしがり屋で、公の場で話すのが苦手です。
A100883,sick,She looks sick and needs to see a doctor.,彼女は病気のようで、医者に診てもらう必要があります。
A100884,side,The side of the mountain was steep.,山の斜面は険しかった。
A100885,sight,My sight is getting worse and worse.,私の視力は徐々に悪くなっている。
A100886,sign,I saw a sign on the wall.,壁に看板があるのを見た。
A100887,sing,I sing a song every night before bed.,毎晩、私は寝る前に歌を歌います。
A100888,singer,The singer sang a beautiful song.,歌手は美しい歌を歌った。
A100889,sir,"Sir, I need your help.",サー、あなたの助けが必要です。
A100890,sister,My sister is very kind.,私の姉はとても優しい。
A100891,sit,I'm going to sit here for a while.,ここにしばらく座っています。
A100892,site,I visited the famous site yesterday.,昨日、その有名な場所を訪れた。
A100893,six,There are six apples on the table.,テーブルの上にはりんごが6つあります。
A100894,sixteen,She celebrated her sixteenth birthday with a big party.,彼女は大きなパーティーで16歳の誕生日を祝った。
A100895,sixty,There are sixty students in the class.,クラスには60人の生徒がいます。
A100896,size,The size of the room is very large.,部屋の大きさはとても大きいです。
A100897,skill,He showed his skill in playing the piano.,彼はピアノ演奏の腕前を披露した。
A100898,skirt,She wore a long black skirt.,彼女は長い黒いスカートを着ていた。
A100899,sky,The sky was beautiful and blue.,空は美しく青く見えた。
A100900,sleep,He slept well last night.,彼は昨夜よく眠った。
A100901,slow,The tortoise was slow but steady.,カメはゆっくりとしていたが着実だった。
A100902,small,The room was small.,部屋は小さかった。
A100903,smart,He is a smart boy.,彼は賢い少年です。
A100904,smell,A smell of lilies filled the room.,ユリの香りが部屋に満ちていた。
A100905,smile,He greeted me with a smile.,彼は笑顔で私に挨拶した。
A100906,smith,The smith is crafting a new sword.,鍛冶屋が新しい剣を作っている。
A100907,smoke,The sky was filled with a thick smoke from the fire.,空は火事による濃い煙で満たされていた。
A100908,smoking,Smoking is not allowed in this restaurant.,このレストランでは喫煙は禁止されています。
A100909,snake,I saw a snake in the park.,公園で蛇を見た。
A100910,snow,The snow was cold and crisp.,雪は冷たくてキリッとしていた。
A100911,snowy,The moon was shining in the snowy night.,月が雪夜に輝いていた。
A100912,so,"The store was closed, so we had to find another place to buy groceries.",店が閉まっていたので、別の場所で食料品を買う必要があった。
A100913,soccer,I like to play soccer.,私はサッカーをするのが好きです。
A100914,social,He is a very social person.,彼はとても社交的な人です。
A100915,sofa,I love to relax on the comfortable sofa in my living room.,私はリビングルームの快適なソファでくつろぐのが大好きです。
A100916,solve,He solved the puzzle in five minutes.,彼は５分でパズルを解きました。
A100917,some,I have some apples.,私はいくつかのりんごを持っています。
A100918,some,Some people like to eat spicy food.,いくらかの人々は辛い食べ物が好きです。
A100919,someone,Someone has to take responsibility for this.,これについては誰かが責任を取らなければならない。
A100920,something,"I don't know what it is, but I'll find out something.",それが何なのかは分かりませんが、何かはわかるでしょう。
A100921,son,My son is a student,私の息子は学生です。
A100922,song,The song he sang was beautiful.,彼が歌った歌はとても美しかった。
A100923,soon,I will finish it soon.,それはすぐに終わります。
A100924,sorry,He was sorry for his mistake.,彼は自分の過ちを後悔した。
A100925,soup,I would like to have a bowl of soup.,スープを一杯いただきたいです。
A100926,speak,He spoke to the audience.,彼は観衆に語りかけた。
A100927,special,He has a special ability.,彼には特別な能力がある。
A100928,speech,The Prime Minister gave a powerful speech.,首相は力強い演説を行ないました。
A100929,spell,I had a short spell in the hospital.,少しの間、入院していました。
A100930,spend,I spent all my money.,私は全てのお金を使い切った。
A100931,sport,I enjoy doing various kinds of sports.,私は様々なスポーツを楽しんでいます。
A100932,spot,The cat is sleeping at the spot behind the couch.,猫はソファーの後ろの場所で寝ています。
A100933,spring,The birds are singing in the spring.,春になると鳥たちが歌い始める。
A100934,spy,The spy was caught in the act of espionage.,そのスパイはスパイ活動中に捕まった。
A100935,stage,The play was performed on a large stage.,芝居は大きな舞台で上演された。
A100936,stand,I'm waiting at the bus stand.,バス停で待っています。
A100937,star,Patsy was the star of the show.,パッツィーがショーの主役だった。
A100938,start,The start of the race was delayed due to bad weather.,レースの開始が悪天候のため遅れました。
A100939,start,I'm going to start a new project next week.,来週新しいプロジェクトを始めるつもりです。
A100940,station,The train arrived at the station.,列車が駅に到着した。
A100941,stay,I will stay here for the night.,私は今夜ここに滞在する。
A100942,step,He stepped out of the room.,彼は部屋から出て行った。
A100943,still,The kids found it hard to stay still.,子どもたちはじっとしているのが難しいと感じました。
A100944,stone,The stone was hard and cold to the touch.,石は触れた時に硬くて冷たかった。
A100945,stop,I pressed the stop button and the train came to a halt.,私はストップボタンを押し、電車は停止しました。
A100946,stop,Please stop the car.,車を止めてください。
A100947,store,I need to go to the store to buy some groceries.,私は食料品を買うために店に行く必要があります。
A100948,story,I heard an interesting story from my grandmother.,私はおばあちゃんから面白い話を聞いた。
A100949,straight,He walked straight to the bus stop.,彼はまっすぐにバス停まで歩いた。
A100950,strange,That is a strange situation.,それは奇妙な状況です。
A100951,street,I'm walking down the street.,私は通りを歩いています。
A100952,strict,The teacher was strict with the students.,先生は生徒たちに厳しかった。
A100953,strong,He is a strong man.,彼は強い男だ。
A100954,student,The student studies English every day.,毎日英語を勉強する学生です。
A100955,study,I study English every day.,私は毎日英語を勉強しています。
A100956,subject,The subject of the lecture was the latest trends in technology.,講義のテーマは最新のテクノロジーについてでした。
A100957,subway,I took the subway to work.,私は仕事への地下鉄を乗りました。
A100958,successful,He was a successful entrepreneur.,彼は成功した起業家だった。
A100959,sugar,I love the sweet taste of sugar.,私は砂糖の甘い味が大好きです。
A100960,suggestion,I have a suggestion for you.,あなたに対して、私から提案をします。
A100961,sum,The sum of the two numbers is seven.,2つの数字の合計は7です。
A100962,summer,I'm looking forward to the summer.,夏が楽しみです。
A100963,sun,The sun is shining brightly today.,今日は太陽が明るく輝いています。
A100964,Sunday,I look forward to Sunday every week.,毎週日曜日を楽しみにしています。
A100965,sunny,The sunny day made everyone happy.,晴れた日が誰もが幸せな気持ちにさせた。
A100966,sunshine,The skies were full of sunshine.,空は太陽で輝いていた。
A100967,super,He is doing a super job.,彼は素晴らしい仕事をしている。
A100968,supermarket,I went to the supermarket to buy some food.,私は食べ物を買うためにスーパーマーケットに行きました。
A100969,sure,The sure way to success is to keep trying.,成功への確かな道は、努力を続けることです。
A100970,surf,I love to surf in the ocean.,私は海でサーフィンをするのが大好きです。
A100971,surprise,The end of the story was a surprise.,物語の結末が驚きだった。
A100972,survey,We conducted a survey to find out the needs of our customers.,私たちは顧客のニーズを探るために調査を実施した。
A100973,sweet,The sweet aroma of flowers filled the room.,花の香りが部屋を満たしていた。
A100974,swim,I love to go for a swim in the ocean.,私は海で泳ぐことが大好きです。
A100975,swim,I love to swim in the ocean.,私は海で泳ぐのが大好きです。
A100976,swimming,I love swimming in the summer.,夏に泳ぐのが大好きなんだ。
A100977,swimming pool,I went to the swimming pool last weekend.,先週末、私はプールに行った。
A100978,table,The table was made of wood.,テーブルは木でできていた。
A100979,take,I will take the bus to school.,学校へはバスに乗るつもりです。
A100980,talk,I love to talk about books.,私は本について話すのが好きです。
A100981,tall,He is a tall man,彼は背が高い男だ
A100982,taxi,I took a taxi to the airport.,私は空港へタクシーで行きました。
A100983,tea,I'd like to have a cup of tea.,私はお茶をいただきたいです。
A100984,teach,I teach English at a school.,私は学校で英語を教えています。
A100985,teacher,My teacher teaches me English.,私の先生が私に英語を教えてくれています。
A100986,team,I am a member of the basketball team.,私はバスケットボールチームのメンバーです。
A100987,technology,The use of technology is becoming increasingly important in our daily lives.,テクノロジーの使用が、私たちの日常生活でますます重要になっている。
A100988,telephone,I need to check the telephone number I wrote down yesterday.,昨日書いた電話番号を確認しないといけない。
A100989,television,I bought a new television yesterday.,昨日新しいテレビを買った。
A100990,tell,I will tell you the truth.,あなたに真実を話します。
A100991,temple,The temple was filled with people praying.,寺院は、祈りを捧げる人々で溢れていた。
A100992,ten,I have ten fingers.,私は10本の指を持っています。
A100993,tennis,I enjoy playing tennis.,私はテニスを楽しんでいます。
A100994,terrible,The weather was terrible yesterday.,昨日の天気は最悪だった。
A100995,test,I need to take a test.,テストを受けなくてはなりません。
A100996,than,She is taller than her sister.,彼女は妹よりも背が高い。
A100997,than,She is taller than her sister.,彼女は妹より背が高い。
A100998,thank,I thanked her for her help.,彼女の助けに感謝した。
A100999,thanks,I want to express my thanks to you.,あなたに感謝の気持ちを表したいと思います。
A101000,that,I understand that you are busy.,あなたが忙しいのはわかります。
A101001,that,I like that idea.,そのアイデアが好きです。
A101002,that,I'm not sure if I can do that.,それはできるかどうかあやふやです。
A101003,the,The game is over.,ゲームは終わりました。
A101004,theater,I love going to the theater to watch plays.,私は劇場に行って演劇を観るのが大好きです。
A101005,their,Their house is very big.,彼らの家はとても大きいです。
A101006,them,Let them come in.,彼らを入らせなさい。
A101007,then,I'll do my homework now and then I'll go out.,今宿題をやって、そして外出します。
A101008,there,We can find the answer if we look there.,そこを見れば答えが見つかる。
A101009,these,These books are mine.,これらの本は私のものです。
A101010,these,These are the rules we must follow.,これらは我々が守らなければならないルールです。
A101011,they,They are going to the movies tonight.,彼らは今夜映画に行く予定です。
A101012,thick,The thick book is difficult to carry.,厚い本は持ち運びが難しい。
A101013,thin,She is very thin.,彼女はとても細いです。
A101014,thing,I have a thing for you.,君に用があるんだ。
A101015,think,I think the answer is correct.,私は答えが正しいと思う。
A101016,thirteen,There are thirteen students in the classroom.,教室には13人の生徒がいます。
A101017,thirty,I have thirty books on my shelf.,私の本棚には30冊の本があります。
A101018,this,I like this book.,私はこの本が好きです。
A101019,this,I will do this [[by myself|by oneself]].,私はこれを自分でやるつもりだ。
A101020,those,Those books are mine.,あれらの本は私のものです。
A101021,those,Those are my books.,それらは私の本です。
A101022,three,I have three cats.,私は猫を3匹飼っています。
A101023,through,He walked through the forest.,彼は森を貫いて歩いた。
A101024,throw,He gave a throw of the dice.,彼はサイコロを投げた。
A101025,Thursday,I'm looking forward to Thursday.,木曜日が楽しみです。
A101026,ticket,I bought a ticket for the train.,私は電車の切符を買った。
A101027,tiger,The tiger is a powerful animal.,虎は力強い動物です。
A101028,tight,"The rope was tightened around the package, making it look very tight.",ロープがパッケージの周りをしっかり締められていて、非常にきつく見えた。
A101029,time,I don't have enough time to finish my homework.,宿題を終わらせるのに十分な時間がありません。
A101030,tired,I feel so tired after working for a whole day.,一日中働いた後、私はとても疲れている。
A101031,to,To read books is a great way to learn new things.,本を読むことは新しいことを学ぶ素晴らしい方法です。
A101032,to,I am going to the park.,私は公園に行きます。
A101033,today,I am meeting a friend for lunch today.,今日、昼食に友達と会います。
A101034,today,I have a lot of work to do today.,私は今日やるべき仕事がたくさんあります。
A101035,together,We worked together to finish the project.,プロジェクトを完成するために一緒に働きました。
A101036,toilet,I need to use the toilet.,トイレが使いたいんだ。
A101037,tomato,I bought a tomato at the store.,お店でトマトを買った。
A101038,tomorrow,I will meet you tomorrow.,明日、あなたに会います。
A101039,tomorrow,I will meet her tomorrow.,私は彼女に明日会います。
A101040,tonight,Will it snow tonight?,今夜は雪になるだろうか。
A101041,too,He worked too hard.,彼はあまりにもハードに働いた。
A101042,tool,I bought a new tool for my work.,私は仕事用に新しい道具を買った。
A101043,tooth,The dentist checked my tooth.,歯医者が私の歯を調べた。
A101044,top,They stood on the top of the hill.,彼らは丘の頂上に立った。
A101045,topic,We discussed a variety of topics yesterday.,昨日は様々なトピックを話し合いました。
A101046,touch,His touch was gentle and warm.,彼の触り方は優しく温かかった。
A101047,towel,Can you pass me the towel please?,お願いします、タオルを渡してください。
A101048,tower,The Eiffel Tower is one of the most recognizable structures in the world.,エッフェル塔は世界で最も有名な建造物の1つです。
A101049,town,I went to the town yesterday.,昨日町に行きました。
A101050,toy,My daughter loves to play with her new toy.,娘は新しいおもちゃで遊ぶのが大好きです。
A101051,train,I take a train to school every day.,毎日学校へは電車で行きます。
A101052,travel,I travel around the world every year.,毎年世界中を旅行しています。
A101053,tree,The tree was very tall.,その木はとても高かった。
A101054,trip,I'm planning a trip to the beach.,私はビーチへの旅行を計画しています。
A101055,trousers,I bought a new pair of trousers.,新しいズボンを買いました。
A101056,truck,The truck was loaded with supplies.,トラックには補給品が積まれていた。
A101057,true,This is a true story.,これはほんとうの話です。
A101058,try,I will give it a try.,私はそれをやってみよう。
A101059,T-shirt,I bought a new T-shirt yesterday.,昨日、新しいTシャツを買いました。
A101060,tube,The tube was too narrow for me to fit through.,チューブは狭すぎて私には通れませんでした。
A101061,Tuesday,I'm looking forward to Tuesday.,私は火曜日を楽しみにしています。
A101062,turkey,I ate a turkey for dinner last night.,昨晩は夕食に七面鳥を食べた。
A101063,turn,I watched the turn of the Ferris wheel.,私は観覧車の回転を見ました。
A101064,turn,Please turn off the lights before leaving.,出る前に、電気を消してください。
A101065,TV,I watched TV for two hours last night.,昨晩２時間テレビを見ました。
A101066,twelve,There are twelve students in the classroom.,教室には12人の生徒がいます。
A101067,twenty,There are twenty students in the classroom.,教室には20人の生徒がいます。
A101068,two,I have two cats.,私は猫を2匹飼っています。
A101069,type,There are many types of music.,音楽の種類はいろいろあります。
A101070,ugly,This is an ugly dress.,これは醜い服です。
A101071,umbrella,I took my umbrella with me to keep dry.,私は濡れないように傘を持っていきました。
A101072,uncle,My uncle is a doctor.,私のおじさんは医者です。
A101073,under,The cat is sleeping under the table.,猫はテーブルの下で寝ています。
A101074,underline,I used an underline to emphasize an important word in my essay.,私のエッセイで重要な単語を強調するためにアンダーラインを使った。
A101075,until,Wait until tomorrow morning.,明日の朝まで待ちなさい。
A101076,up,He climbed up the ladder to reach the top shelf.,彼はトップシェルフに到達するためにはしごを登った。
A101077,us,We are proud of us.,私たち自身を誇りに思っている。
A101078,use,I use a computer every day.,私は毎日パソコンを使っている。
A101079,usually,He usually wakes up at 6am.,彼は通常6時に起きます。
A101080,vacation,I'm planning to go on vacation to Hawaii.,ハワイへのバケーション旅行を計画しています。
A101081,vase,The vase was filled with beautiful flowers.,花瓶には美しい花がいっぱい入っていました。
A101082,vegetable,I love eating fresh vegetables.,新鮮な野菜を食べるのが大好きです。
A101083,very,He spoke very quietly.,彼はとても静かに話した。
A101084,video,I watched an interesting video last night.,昨晩面白い動画を見ました。
A101085,visit,I'm planning a visit to my hometown next month.,来月、故郷を訪れる予定です。
A101086,visit,I want to visit my friend tomorrow.,明日は友達に会いに行きたいです。
A101087,volleyball,I played volleyball with my friends today.,今日は友達とバレーボールをしました。
A101088,vote,We all have an equal right to vote.,私たちは皆、投票するという平等な権利を持っている。
A101089,wait,I will wait for you here.,私はここであなたを待ちます。
A101090,waiter,The diner had an efficient waiter.,ダイナーには効率的なウェイターがいた。
A101091,waitress,The waitress served us the drinks.,ウェイトレスが私たちにドリンクを提供してくれた。
A101092,wake,I woke up early in the morning.,朝早く目が覚めた。
A101093,walk,I enjoy taking a walk in the park every morning.,毎朝公園で散歩するのが楽しいです。
A101094,walk,I usually walk to work in the morning.,私は通常朝、仕事に歩いて行きます。
A101095,wall,The wall was painted white.,壁は白く塗られていた。
A101096,want,I want a new car.,私は新しい車が欲しい。
A101097,war,The war caused a lot of destruction.,戦争は多くの破壊をもたらしました。
A101098,warm,The warm sun was shining through the window.,太陽が窓を通して暖かく輝いていた。
A101099,was,I was happy to see her.,彼女に会えて嬉しかったです。
A101100,wash,I need to do the wash today.,今日は洗濯をする必要があります。
A101101,wash,I wash my clothes every week.,私は毎週洗濯物を洗います。
A101102,watch,I always wear a watch so I can keep track of the time.,いつも時計をしているので、時間を追えるようにしています。
A101103,watch,I love to watch movies on the weekends.,週末に映画を見るのが大好きです。
A101104,water,I drank a glass of water.,私はコップ一杯の水を飲みました。
A101105,way,We must find a way to succeed.,成功する方法を見つけなければなりません。
A101106,we,We are going to the park today.,今日は私たちは公園に行く予定だ。
A101107,wear,I wear my new clothes to the party.,パーティーには新しい服を着て行きました。
A101108,weather,The weather today is sunny.,今日の天気は晴れです。
A101109,Wednesday,I will have a meeting on Wednesday.,私は水曜日に会議を持つ予定です。
A101110,week,I'm looking forward to next week.,来週を楽しみにしています。
A101111,weekend,I'm looking forward to the weekend.,週末が楽しみです。
A101112,welcome,Welcome to our restaurant!,当店へようこそ！
A101113,welcome,Welcome to our home!,私たちの家へようこそ！
A101114,well,She is well and can go back to work.,彼女は元気で仕事に戻ることができます。
A101115,well,She speaks English well.,彼女は英語を上手に話す。
A101116,were,They were happy to see each other again.,彼らは再びお互いに会えて嬉しかった。
A101117,what,What is your favorite color?,あなたの好きな色は何ですか？
A101118,what,What is your favorite color?,あなたの好きな色は何ですか？
A101119,wheel,The wheel turns round and round.,車輪は回り続ける。
A101120,when,"When I wake up, I always drink a cup of coffee.",私が目を覚ますと、いつもコーヒーを一杯飲みます。
A101121,when,"When the sun sets, the sky turns red.",太陽が沈むと空が赤くなる。
A101122,where,Where did you go?,どこに行ったの？
A101123,where,I don't know where he went.,彼がどこに行ったかわからない。
A101124,which,Which book do you want to read?,どの本を読みたいですか？
A101125,which,Which book do you want to read?,どの本を読みたいですか？
A101126,white,The snow was white and sparkly.,雪は白くてキラキラしていた。
A101127,white,The wedding dress was pure white.,花嫁のドレスは真っ白でした。
A101128,who,Who will go to the party?,パーティに誰が行くのでしょうか？
A101129,whose,Whose book is this?,これは誰の本ですか？
A101130,whose,Whose report did you read?,あなたは誰の報告書を読んだのですか？
A101131,why,Why don't we have dinner together?,どうして一緒に夕食を食べないの？
A101132,wife,My wife is a great cook.,私の妻は素晴らしい料理人です。
A101133,will,I will go to the party tomorrow.,明日、私はパーティーに行くだろう。
A101134,win,He won the competition.,彼はコンペに勝った。
A101135,wind,The wind was blowing strongly.,風が強く吹いていた。
A101136,window,I opened the window to let some fresh air in.,私は新鮮な空気を入れるために窓を開けました。
A101137,winter,The winter has come and snow is falling.,冬がやってきて雪が降っている。
A101138,wish,I have a wish to travel around the world.,私は世界を旅するという願望があります。
A101139,with,I like to go for a walk with my dog.,私は犬と散歩するのが好きです。
A101140,woman,The woman was walking along the street.,女性が道路を歩いていた。
A101141,wonderful,It's a wonderful day.,今日はとても素晴らしい日です。
A101142,word,The word 'love' has a powerful meaning.,「愛」という言葉には強い意味がある。
A101143,work,I have a lot of work to do today.,今日はたくさんの仕事があります。
A101144,work,I work from Monday to Friday.,私は月曜日から金曜日まで働いています。
A101145,worker,The worker performed the task efficiently.,仕事人はタスクを効率的にこなした。
A101146,world,The world is full of different cultures.,世界はさまざまな文化で溢れている。
A101147,worry,I have a great deal of worry about my future.,将来について大きな不安を抱えている。
A101148,would,I would like to go to the beach tomorrow.,明日、ビーチに行きたいです。
A101149,write,I wrote a letter to my parents.,私は両親への手紙を書きました。
A101150,writer,J.K. Rowling is a famous writer.,J.K.ローリングは有名な作家です。
A101151,wrong,The solution is wrong.,その解答は間違っている。
A101152,yard,The kids are playing in the yard.,子供たちは庭で遊んでいます。
A101153,year,This year has been very difficult.,今年はとても苦しいものだった。
A101154,yellow,The sunflower is a beautiful yellow flower.,ひまわりは美しい黄色の花です。
A101155,yellow,The walls of the room were painted bright yellow.,部屋の壁は明るい黄色に塗られていた。
A101156,yes,"Yes, I can definitely help you with that.",はい、そのことなら間違いなくお手伝いできます。
A101157,yesterday,I saw her yesterday.,昨日彼女を見ました。
A101158,yet,I haven't decided yet.,まだ決めていません。
A101159,yogurt,I love eating yogurt for breakfast.,朝食にヨーグルトを食べるのが大好きです。
A101160,you,What do you think?,あなたは何を考えていますか？
A101161,young,He is a young man.,彼は若い男性です。
A101162,your,This is your book.,これはあなたの本です。
A101163,yours,This book is yours.,この本はあなたのものです。
A101164,yourself,Take care of yourself.,ご自分のことを大切にしてください。
A101165,zoo,I visited the zoo yesterday and saw many different animals.,昨日、私は動物園に行ってたくさんの異なる動物を見ました。
