id,word,expectedPos,answer1,answer2,answer3,answer4,answer5
A100001,a,det,【冠詞】《oneの弱い意味で》一つの,《~ certain》ある,《同種類のものを代表して》any,《単位を表す語につけて》～につき,
A100002,a.m.,adv,《時間を表す数字の後につける》午前(ラテン語ante meridiemの略),,,,
A100003,about,adv,《時を表す名詞を伴って》だいたい～ころに(《話》[around]),周囲に(《米》[around]),《英》あちこちに,《英》あたりに(《米》[around]),《しばしば数詞と共に用いて》およそ
A100004,about,prep,～について,《英》～の回りに(を),《英》～のあちこちに(で),《英》～のあたりに(を),～の身の回りに
A100005,above,adv,上方に,真上に,上流に,天に,特に地位において)高位に
A100006,above,prep,,《方向》《fly》,《場所・位置》～の上に,,,
A100007,action,n,〈U〉行動,〈C〉行為,〈U〉(機械などの)働き,(薬・化学薬品などの)作用,
A100008,activity,n,〈U〉活動,《しばしば複数形で》(種々の)活動,〈U〉(商況・市場などの)活発,,
A100009,actor,n,(男の)俳優,行為者,,,
A100010,add,v,,【他】〈二つ以上のもの〉を合計する《up》,,《～に》～を加える《to 》,《 〜 that節》～とつけ加える,【自】足し算をする,
A100011,address,n,〈C〉あて名,〈C〉演説,《文》〈U〉話しぶり,〈U〉(物事を扱う)手ぎわのよさ,《複数形で》くどき
A100012,afraid,adj,《～を》恐れて,気づかって,気が進まない,,
A100013,after,prep,《時・順序》～の後に,～を求めて,～の名をとって,～のことを心配して,～だから
A100014,afternoon,n,午後(正午から日没まで),《形容詞的に》午後の,,,
A100015,again,adv,再び,《否定語とともに用いて》二度と(～しない),また元の所へ,さらにそれだけ,《しばしば[then]
A100016,age,n,〈U〉(一般に)年齢,〈U〉成年(おとなとしての資格・権利を得る年齢,通例18または21歳),〈U〉老齢,〈U〉(人生の)一時期,〈C〉世代([generation])
A100017,ago,adv,《期間を表す語の後に用いて》(今から)～前に,《longの後に用いて》以前に,,,
A100018,agree,v,〈人が〉意見が一致する,〈物事が〉《～と》合致する,《～と》いっしょにうまくやる《with ～》,(文章で)〈人称・性・数・格が〉一致する,～に意見が一致する
A100019,airplane,n,飛行機(《英》[aeroplane]),,,,
A100020,airport,n,〈C〉空港,飛行場,,,
A100021,album,n,(写真・切手・切り抜きなどを貼る)アルバム,(いくつかの曲・劇などを収録した)組レコード,画帳,,
A100022,all,det,《複数形につけて》(個々を一つにまとめて)全部の,《数えられない名詞につけて》できる限りの,,,
A100023,all,pron,《単数扱い》(物事について)全部,《複数扱い》全員,いっさいの所有物,,
A100024,all right,adj,かまわない,《～にとって》都合がいい《for ～》,うまくいっている,,
A100025,all right,adv,うまく,《確信》確かに,《確認》わかりましたか,《同意》はい,《喜び》やったぞ
A100026,almost,adv,ほとんど,たいてい([nearly])、もう少し,,,
A100027,alone,adv,ひとりで,単独で,ただ～だけで,,
A100028,along,adv,《動作や状態の継続を強めて》前へ,人を)連れて,(物を)持って,沿って,,
A100029,already,adv,《肯定文で》もう,《驚き・意外の意を表して》《疑問文で》もう,,,
A100030,also,adv,～もまた([too]),そしてその上,,,
A100031,always,adv,いつも,いつまでも,《話》いずれにしても,,
A100032,am,be-verb,be動詞の一人称単数,直説法,現在形,,
A100033,an,det,《[one]の弱い意味で》一つの,ある([a certain]),《同種類のものを代表して[any],《単位を表す語につけて》～につき,
A100034,and,conj,《等位接続詞》《語・句・節を対等に結んで》～と～,《数詞を結合して》～足す～,～しかも～,《時間的に》そして,《当然の帰結として》～ので
A100035,angry,adj,怒った,(波・風などが)怒ったような,(傷が)炎症を起こした,,
A100036,animal,n,(植物に対して)動物,(人間以外の)動物,魚・鳥などに対して)哺乳動物([mammal]),けだもの(野獣)のような人,比較変化なし)《名詞の前にのみ用いて》動物の
A100037,another,det,もう一つの,別の,もう一つ,別のもの(人),似たもの
A100038,answer,n,〈C〉(質問・要求に対する)答え,《～に対する》応報,(問題に対する)解答,(一般に)《～に対する》解答,
A100039,answer,v,〈質問・手紙・人など〉に答える,〈訪問・電話など〉に応じる,《～で》～に応酬する,〈非難など〉に答弁する,〈目的・条件など〉にかなう
A100040,any,det,《疑問文・条件節で》いくらかの,《否定文で》少しも,《肯定文で,,
A100041,any,pron,《否定文で》少しも,《疑問文・条件節で》《～の》どれか,《肯定文で》どれでも,,
A100042,anybody,pron,【代】｟くだけて｠(疑問文で)誰か,否定文で)誰も,肯定文で)誰でも,,
A100043,anyone,pron,《かたく》《疑問文・条件節で》だれか,《否定文で》だれも,《肯定文で》だれでも,,
A100044,anything,pron,《疑問文・条件節で》何か,《否定文で》何も,《肯定文で》なんでも,,
A100045,apple,n,リンゴ,リンゴの木,,,
A100046,April,n,4月(《略》Apr.),,,,
A100047,apron,n,エプロン,(またapron stage)張り出し舞台,エプロン(飛行機の乗降・荷積み・給油などをする所),,
A100048,are,be-verb,～である,～です(beの二人称の単数とすべての人称の複数の直説法現在形),,,
A100049,arm,n,〈C〉(人・猿の)腕,四つ足の動物の前肢の)腕(手首から肩までの間)(手は[hand]),腕のような物,〈C〉《複数形で》武器,
A100050,around,prep,～の周りに,～のあちこちに,《米・英話》～を回って,,
A100051,arrive,v,着く,(ある目標・過程・断階などに)達する 《at ～》,時が)来る,,
A100052,art,n,〈U〉〈C〉芸術,〈C〉技術,〈U〉《複数形で・単数扱い》人文科学,,
A100053,article,n,新聞・雑誌などの)(～についての)記事,(条約・契約などの)条項,《複数形で》(またarticles of apprenticeship)徒弟年季契約,(同種の物の)一個,冠詞
A100054,as,prep,《役割・職業に注目して》～として,《時》～のとき,《様態》～のように,《外見》(装って)～に見えるように,
A100055,ask,v,〈他〉〈事〉について質問する,《～について》〈人〉に質問する《about ～》,〈事〉を頼む,《～を》〈人〉に頼む 《for ～》,〈自〉《～について》質問する《about ～》
A100056,at,prep,《場所・位置のある一点》～で,《時間・年齢・目盛りなどの一点》～に,～の最中で,～の状態に(で),～を目指して
A100057,August,n,8月(《略》Aug.),《形容詞的に》August heat wave{名}〈C〉8月の暑波August vacation{名}〈C〉8月の休暇,,,
A100058,aunt,n,おば,おばさん(年長の婦人に対する敬称),,,
A100059,autumn,n,〈C〉〈U〉秋,,,,
A100060,awake,adj,眠らずに,《～に》気づいている《to ～》,,,
A100061,away,adv,離れて,,,,
A100062,baby,n,赤ん坊,(家族・グループの中で)いちばん年少の人,赤ん坊みたいな人,(またbabe)《米俗》《特に若い女の子への呼びかけた用いて》かわいこちゃん,赤ん坊の[ような]
A100063,back,adv,後方へ,(場所・状態が)もとへ,(時間的に)さかのぼって,,
A100064,back,n,〈C〉(人・動物の)背,《通例the〜》(正面に対して)《～の》後ろ,《通例the》背に似たもの,〈C〉〈U〉(フットボール・ホッケーなどの)後衛,
A100065,bad,adj,悪い,適当でない,《補語にのみ用いて》《～に》有害な《for ～》,病気の,ひどい
A100066,bag,n,袋,袋状の物,(女性の)ハンドバッグ,旅行かばん,(～の)1袋分の量《+of+名》,野球の)走塁ベース
A100067,ball,n,〈C〉球,〈U〉球技,〈C〉弾丸,球状のもの,《俗》睾丸(こうがん)
A100068,banana,n,バナナ,バナナの木,《米俗》ドル,,,
A100069,band,n,〈C〉帯,(色の)すじ,周波数,,
A100070,bank,n,〈C〉銀行,貯金箱,貯蔵,,
A100071,bar,n,〈C〉棒,,《～に対する》障害《to》,酒場,,
A100072,baseball,n,〈U〉野球,,,,
A100073,basketball,n,〈U〉バスケットボール,〈C〉バスケットボール用のボール,,,
A100074,bat,n,〈C〉(野球・クリケットの)バット,(特にバトミントン・スカッシュなどの)ラケット,打者,打順,バットによる一撃
A100075,bath,n,入浴,水浴び,また《おもに米》bathtub,浴室(bathroom),,《複数形で》(古代の)大浴場,化学作用を与えるための)浴液,電解そう
A100076,bathroom,n,浴室,便所(toilet),,,
A100077,be,be-verb,《補語を伴って》～である,《位置・場所を伴う語句を伴って》《～に》ある,存在する,,
A100078,beach,n,浜,海水浴場,〈ボートなど〉を浜に引き上げる,,
A100079,bean,n,豆(おもにいんげん豆・そら豆など大きめの豆類),豆のさや(pod),豆に似た実,《俗》頭,
A100080,bear,n,〈C〉熊,〈C〉乱暴者,(株式で)売り方,,
A100081,beautiful,adj,美しい,《話》みごとな,《名詞的に,the~》《単数扱い》美(beauty),《名詞的に,the~》《複数扱い》美しい人たち(beautiful people),美しいもの,
A100082,because,conj,(なぜならば)～だから,《否定文の主節とともに用い》～であるからといって,《おもに話》《名詞節を導いて》～ということ,,
A100083,become,v,～になる,〈衣類などが〉〈人〉に似合う,にふさわしい,,
A100084,bed,n,〈C〉〈U〉ベット,〈U〉睡眠,〈C〉花壇,〈C〉(海・川などの)床,〈C〉地層,(一般に)土台
A100085,bedroom,n,寝室,(列車内の)寝室,,,
A100086,bee,n,はち,《米話》(趣味・仕事上の)集会,(親善のための)競技会,働き者,
A100087,beef,n,〈U〉牛肉,(一般に)肉,〈C〉《おもに米》肉牛,〈U〉《話》筋肉,〈C〉《俗》不平,
A100088,before,adv,《場所・位置》前へ(に),《時》以前に,(予定より)早く,,
A100089,before,prep,《場所・位置》～の前に,《時》～より前に([earlier] than～),(裁判・審理などのために)～の前に,～の前途に,困難・不利など)に直面して
A100090,begin,v,始まる,発生する,～を始める,～を起こす,
A100091,behind,adv,過ぎ去って,《場所・位置》後ろに,《leave,定められた時刻に)遅れて,(知識・仕事・進歩などが)遅れて,
A100092,behind,prep,《場所・位置》～の後ろに,《比喩的に》～の陰に隠されて,～を支持して,《[leave],定められた時刻)に遅れて
A100093,being,be-verb,[be]の現在分詞・動名詞,～であること,,,
A100094,believe,v,(現実・真実であると)〈事〉を信じる,〈人〉を信じる,《1,信ずる,信仰する,
A100095,bell,n,鐘,〈U〉鐘(鈴),〈C〉鐘(ベル)状のもの,〈C〉点鐘(船の当直交替を0時から4時間ごとに区切り),
A100096,below,adv,下方へ向かって,下方で,(記述で)以下に,,
A100097,below,prep,,【前置詞】《[fly]》,《位置》～の下方で,(上手・先方に対して)～より下手に,度合・地位・数量などが)～より以下で(の),～にふさわしくない
A100098,beside,prep,《位置・場所》～のそばに,～と比較して([compared with]),要点など)をはずれて([apart from]),,
A100099,best,adj,([good]の最上級,比較級は[better])いちばんよい,[well]の最上級,比較級は[better])健康状態が最良の([healthiest]),最大の,《話》(反語的に)きわめてひどい,
A100100,best,adv,([well]の最上級,比較級は[better])いちばんよく,《通例過去分詞と結合して形容詞を作って》最もよく,,,
A100101,better,adj,《good の比較級》いっそうよい,《wellの比較級》《補語にのみ用いて》(健康が)いっそうよい,(量・距離・時間などが)もっと多い,,
A100102,between,prep,《場所・空間・期間》～の間に,《数量・程度など》～の中間に,《分配》～の間で,《選択》～のいずれかを,《関係》～の間に
A100103,bicycle,n,(2輪の)自転車,,,,
A100104,big,adj,(大きさ・高さ・広さ・数量・容積などについて)大きい,成長した(grown-up),《話》重要な,尊大な,寛大な
A100105,bike,n,〈C〉《くだけて》自転車,オートバイ,,,
A100106,bird,n,鳥,,〈話〉《修飾語を伴なって(目立った特徴をもった)やつ》,シャトル,《英俗》女,《俗》《[the bird|get the bird]》(不満を表す)しーっしーっという野次
A100107,birth,n,〈C〉〈U〉誕生,〈U〉生まれ,〈C〉起原,,
A100108,birthday,n,誕生日,,,,
A100109,biscuit,n,〈C〉《米》小型パン(ふくらし粉かソーダを用いて焼いたもの,《英》scone),〈C〉《英》ビスケット,,,
A100110,black,adj,黒い,暗い,(特にアフリカ系)黒人の,汚い([dirty]),陰気な([gloomy]),不吉な,見通しの暗い
A100111,black,n,〈U〉黒,〈C〉《しばしばB-》黒人,〈U〉黒い服,《the》黒字 (赤字は[red],
A100112,blank,adj,紙が)白紙の,(欄が)空白の,がらんとした,ぼんやりした,全くの,空白
A100113,block,n,木・石などの,《米》区画,妨害物,,
A100114,blow,v,〈風が〉吹く,風で動く,〈風が〉～を吹く,,
A100115,blue,adj,青い,青黒い,《話》陰気な,,
A100116,blue,n,〈U〉青色,〈U〉〈C〉青色絵の具,《the 〜》《詩》青空,《the 〜s》《話》憂うつ,《the 〜s》《ときに単数扱い》(ジャズ音楽の)ブルース
A100117,board,v,〈C〉(ある程度の長さと幅をもった薄い)板,〈C〉ボール紙,〈C〉食卓,〈U〉食事,〈C〉甲板(かんぱん),〈C〉委員会,(官庁の)局
A100118,boat,n,小型の船,《話》(大小に関係なく一般に)船,舟形の容器,,
A100119,body,n,【名】身体,生物の)胴体,人,,
A100120,bone,n,〈C〉骨,〈U〉骨を作っている物質,《複数形で》骨格,死骸(がい),,
A100121,book,v,本,書物,知識の源,聖書,帳簿
A100122,bookstore,n,書,本屋(《英》bookshop),,,
A100123,boring,adj,つまらない,退屈な,うんざりするような,,
A100124,borrow,v,(～を担保として～から)～を借りる《+名+from+名+on+名》,〈言葉・思想・方法など〉を借りてまねる,借りる,,
A100125,both,adv,《both～and～の形で》両方とも,～のいずれも,,,
A100126,both,det,両方の,双方の,,,
A100127,both,pron,両方,両者,,,
A100128,bottle,n,びん,1びんの量,〈U〉《the~》酒,飲酒,〈U〉《the~》哺乳(ほにゅう)びん,牛乳,,
A100129,bottom,n,(物の)底《+of+名》,(海・川・湖・井戸などの)底《+of+名》,(～の)下部,(～の)根底,船底
A100130,bowl,n,〈C〉どんぶり,どんぶり(はち)1杯の量,《～の》丸くくぼんだ部分《of ～》,《米》(はち形の)円形競技場([stadium],
A100131,box,n,箱,(の～)1箱《+of+名》,(劇場などの)さじき席 ます席,番小屋,野球で)バッターボックス,コーチャーズボックス,ピッチャーズマウンド,キャッチャーの定位置
A100132,boy,n,少年,《しばしば所有格を伴って》むすこ,《しばしば複数形で》青年,《話,給仕
A100133,boyfriend,n,《話》男友だち(恋人),男友だち(恋人),,,
A100134,brain,n,脳,《しばしば複数形で》頭脳,《話》秀才,,
A100135,bread,n,パン,生名の糧(かて)として必要な)食物一般～生計・金・銭,,,
A100136,break,v,～を壊す,～を役に立たなくする,〈法律・規則・約束など〉を破る,《～に》～を打ち明ける《to ～》,～を破産させる
A100137,breakfast,n,朝食,,,,
A100138,breathe,v,【動,自】呼吸する,他】〈空気〉を呼吸する,,
A100139,bridge,n,〈C〉橋,鼻柱,(めがねの)ブリッジ,,
A100140,bright,adj,輝いている,うららかな,生き生きした,未望な(promising),色が)鮮やかな
A100141,bring,v,〈物〉を持ってくる,〈人が〉(～に)〈人〉を連れてくる《+名〈人〉+to+名》,〈物事が〉(～に)〈人〉を来させる,〈物事〉をもたらす,ある状態・結果・動作などに)～をする
A100142,broken,adj,breakの過去分詞,壊れた,破られた,(苦労・悲嘆などで)打ちのめされた,切れ切れの
A100143,brother,n,兄弟,同僚,《文》同胞,同一教会員,(失望・不快・驚きを表して)いまいましい,
A100144,brown,adj,褐色の,日に焼けた,褐色,,
A100145,brush,n,ブラシ,ブラシをかけること,ブラシに似た物(キツネのしっぽなど,小ぜり合い,《～が》かすること
A100146,brush,v,～にブラシをかける,ブラシをかけるようにして,(通りすがりに)～をかする,《～を》かすめて通る,
A100147,bucket,n,バケツ,バケツ状の物,(水車・タービンなどの)水受け,(ポンプの)吸い子,バケツ1杯(の～)(bucketful)《+of+名》,,
A100148,build,v,〈物〉を組み立てる,(年月をかけて)〈事〉を作り上げる,,,
A100149,building,n,〈C〉建物,〈U〉建築,,,
A100150,burger,n,ハンバーガー,,,,
A100151,bus,n,バス,,,,
A100152,business,n,〈U〉(生計のための)職業,〈C〉店,〈U〉商取引,〈C〉事,《おもに否定文・疑問文で》(個人的)関心事
A100153,busy,adj,《～で》忙しい,《～するのに》忙しい《~ doing》,(場所が)にぎやかな,《米》(電話が)使用中の(《英》engaged,
A100154,but,conj,《等位接続詞》《先に述べたことに反対・対照する内容の語・句・節を導いて》しかし,《前にある否定語と対応して》～でなくて,～を除いて,《しばしばthatを伴って》～でなければ,
A100155,butter,n,バター,(バターに似た)パンに塗る食品,,,
A100156,butterfly,n,〈C〉チョウ,《話・通例複数形で》不安,〈U〉(水泳で)バタフライ,,
A100157,button,n,(衣服の)ボタン,記章,(ベルなどの)押しボタン,,
A100158,buy,v,〈他〉～を買う,(ある金額で)～が買える,(代償を払って)～を獲得する,,
A100159,by,prep,《場時・位置》～のそばに,《期限・期間》～までに,《根拠・理由》～によって,～を単位として,《手段・方法》～で
A100160,bye,n,さよなら,じゃあまた,,,
A100161,cafe,n,〈C〉喫茶店([coffeehouse]),〈C〉バー,,,
A100162,cake,n,〈U〉〈C〉ケーキ,〈C〉平たい焼きパン(パンケーキなど),〈C〉一定の形の塊にした食物,〈C〉(～の)ケーキ状の塊《+of+名》,
A100163,call,v,〈他〉を呼ぶ,〈人〉に電話をかける,,〈自〉《～を》訪問する《on》,,
A100164,camera,n,カメラ,テレビ[用]カメラ,,,
A100165,camp,n,〈C〉(軍隊・登山隊・探検隊などの)野営地,〈C〉〈U〉野営のテント,〈U〉野営,,
A100166,can,modal auxiliary,《能力》～することができる,《話》《許可・軽い命令》～してもよい, 《疑問文で》～してくれませんか,《平叙文で》《可能性・推量》～であり得る,《否定文で》～のはずがない,《疑問文で》いったい～だろうか
A100167,candy,n,《米》砂糖菓子,《英》氷砂糖(sugar candy),,,
A100168,cap,n,(縁のない)帽子,(形・用途が)帽子に似たもの,万年筆のキャップ,(銃弾の)雷管,おもちゃのピストル玉,頂上,
A100169,car,n,自動車(automobile)電車(streetcar,《米》(鉄道の)車両,客車,気球などの)かご,(エレベーターの)箱,,
A100170,card,n,〈C〉カード,招待状,《話》おもしろい人,《米話》(スポーツ試合などの)好い組み合わせ,
A100171,care,v,気にする,～したいと思う,,,
A100172,careful,adj,(人が)注意深い,《～を》たいせつにしている,(仕事などが)入念な,,
A100173,carefully,adv,注意深く,気をつけて,,,
A100174,carry,v,〈他〉を運ぶ,,《～が身につけて》～を持ち歩く《about》,〈自〉(ある距離まで)達する,,
A100175,cartoon,n,政治的な)風刺漫画・(モザイク・壁掛け・壁画などの)実物大の下絵・,一続きの)漫画・～を漫画化する・(1 枚の時事)風刺漫画・アニメ映画，動画(animated cartoon)・(新聞などの)続き漫画・(壁画などの)実物大下絵・漫画を描く,,,
A100176,case,n,〈C〉《～の》実例,《the ~》実情,〈C〉〈U〉場合,〈C〉訴訟事件
A100177,cat,n,猫,ライオン,,,
A100178,catch,n,捕まえること,がっちり捕らえて動かなくする物,捕らえた物,手に入れる価値のある人(物),キャッチボール
A100179,catch,v,～を捕らえる,〈動いている物〉をつかみ取る,〈列車など〉に間に合う,〈伝染性の病気〉にかかる,《副詞[句]を伴って》引っかかる
A100180,CD,n,音楽を聴くためなどに使う)コンパクトディスク,,,,
A100181,CD player,n,音楽を聴くための)CDプレーヤー,,,,
A100182,celebrate,v,(儀式・祝典などを行って)～を祝う,〈人・行為など〉を世に知らせて賞賛する,〈儀式・結婚式など〉を挙行する,ミサを行う,《話》浮かれ騒ぐ
A100183,celebration,n,祝賀,〈C〉祝典,,,
A100184,chair,n,〈C〉いす(通例1人用の4脚で背のあるもの,armchair),《the chair》権威のある座(教授・裁伴官・司教・知事・市長などの地位),《the chair》議長(chairperson),《the chair》《米》(死刑用の)電気いす,
A100185,change,n,〈C〉《～の》変化,〈C〉《～の》取り替え,〈U〉釣り銭,,
A100186,change,v,《～に》～を変える,～を取り替える,〈小切手・為替〉を現金にする,《～に》変わる,他の衣服に)着替える《into ～》
A100187,character,n,〈U〉〈C〉(人の)性格,〈C〉(物事が持っている)特質,(小説・劇などの)登場人物,(意味を表す)文字,
A100188,check,n,〈C〉《～の》阻止 《to ～》,(確認のための)照合,小切手,,
A100189,cheese,n,チーズ,,,,
A100190,chicken,n,〈C〉ひよこ,〈C〉《米》(一般に)鶏《英》fowl,〈U〉ひな鳥の肉,〈C〉《米話》青二才,小娘,〈C〉《俗》おくびょう者
A100191,child,n,(おとなに対して)子供,(親に対して)子,(ある環鏡・時代の)影響を受けて生まれた人,(頭脳・空想などが)産み出したものの,
A100192,chocolate,n,〈U〉〈C〉チョコレート,《複数形で》チョコレート菓子,〈U〉チョコレート飲料,〈U〉チョコレート色,チョコレート製の,チョコレート色の
A100193,choose,v,(多数の中から)〈人・物〉を選択する,〈事〉‘に'決める,(～の中から)選択をする,欲する,
A100194,church,n,〈C〉(特に),〈U〉(教会で行う)礼拝,〈U〉《しばしばC-》教派,《the ~》全キリスト教徒,《the ~
A100195,cinema,n,〈C〉映画館,《the ~》映画産業,《集合的に》映画,,
A100196,circle,n,円,(劇場などの)半円形のさじき,(～の)円形のもの《+of+名》,(活動・勢力などの)範囲,《時に複数形で》(共通の利害・活動などで結ばれた)仲間
A100197,city,n,〈C〉(特に行政権を持っている)都市,《米》市,"《集合的に》都市の全市民,",,
A100198,class,n,〈C〉(何らかの類似性を持つ)種類,クラス,〈U〉〈C〉(クラス単位の)授業,〈C〉階級
A100199,classmate,n,級友,同級生,,,
A100200,classroom,n,クラスルーム,教室,,,
A100201,clean,adj,汚れのない,綺麗好きな,使っていない,不純物がはいっていない,清らかな
A100202,clean,v,～をきれいにする,～を片付ける,〈肉・魚・野菜など〉を下ごしらえをする,きれいになる,きれいにする,
A100203,clever,adj,リコウな,器用な,,,
A100204,climb,v,〈他〉をよじ登る《up》,〈自〉《～に》よじ登る《to ～》,上がっている,,
A100205,clock,n,〈C〉置き時計,掛け時計,,,
A100206,close,adj,《～に》(距離・時間・関係が)近い,《名詞の前にのみ用いて》親密な,ぎっしり詰まった,きめの細かい,綿密な
A100207,close,v,～を閉じる,～をふさぐ([fill]),〈仕事・話など〉を終える,〈通路・施設など〉を一時的に閉じる,一つにまとまるように)～をつめる
A100208,closed,adj,閉まっている,休業した,終了した,非公開の,
A100209,cloth,n,〈U〉布,〈C〉(特定の用途に応じる大きさの)布地,(特に)テーブル掛け(table cloth),〈U〉布表紙,〈U〉ラシャ,〈C〉黒の聖服,《文》《the~》聖職
A100210,clothes,n,〈U〉衣服,(シーツ・毛布など)寝具,,,
A100211,cloud,n,雲,(～の)雲状のもの《+of+名》,(昆虫・鳥・飛行機などの)大群,(疑惑・苦悩などの)暗い影《+of+名》,鏡・ガラスなどの)くもり
A100212,cloudy,adj,(空などが)曇った,煙などが)雲のような,(川・水などが)濁った,(大理石などが)曇りのうる,言葉などが)はっきりしない,(心などが)曇った,,
A100213,club,n,こん棒,(ゴルフなどの)クラブ,(社交・スポーツなどの)クラブ,(カードで)クラブのマーク,クラブの札,《複数形で》《単数・複数扱い》クラブの組,ナイトクラブ
A100214,coach,n,〈C〉コー​チ,(箱形・屋根付き)大型四輪馬車,普通客車,普通席,
A100215,coat,n,〈C〉上着, コート,塗り,,,
A100216,code,n,法典,(社会・階級・団体などを支配する)規約,信号法,暗号,〈通信など〉を暗号(信号)にする,
A100217,coffee,n,〈U〉コーヒー[飲料],〈C〉《話》(1杯の)コーヒー,〈U〉コーヒー豆,〈C〉=coffee tree,〈U〉コーヒー色,
A100218,coke,n,〈U〉《しばしばC-》Coca Colaの略称,《俗》=cocaine,,,
A100219,cold,adj,寒い,(性格・態度などが)冷たい,(物事が)人をがっかりさせる,(色調が)冷たい,獲物のにおい臭が)かすかな
A100220,cold,n,〈U〉《しばしばthe~》寒さ,〈C〉かぜ,,,
A100221,collect,v,〈他〉(趣味として)～を集める,税金・代金など)～を徴集する,〈自〉集まる,集金する,
A100222,collection,n,〈U〉〈C〉(～を)集めること,〈C〉(～の)収集物,〈U〉募金,〈C〉(水・ちりなどの)堆積,
A100223,college,n,《しばしば冠詞をつけず単数形で》(一般に)大学,単科大学,《英》(Oxford・Cambridge 大学などの)学寮(university の一部で,特定の)パブリックスクール(public school),《英》(universityに併設の)専門学校
A100224,color,n,〈C〉〈U〉色,《複数形で》絵の具([paint]),〈U〉《しばしばa ~》顔色,顔の赤み,〈U〉(有色人種),〈C〉〈U〉外見
A100225,color,v,～を彩る,〈話など〉を色づけする,色づく,顔を赤らめる《up》,
A100226,come,v,〈自〉来る,(相手の方へ)行く,やってくる,,
A100227,computer,n,コンピューター,計算機,電子計算機,PC(personal computer,
A100228,concert,n,〈C〉(公開の)演奏会,〈U〉協調,,,
A100229,contest,n,〈C〉争い,競争,コンテスト,,
A100230,conversation,n,(～との打ち解けた)会話,談話,座談《+with+名》,,
A100231,cook,n,料理人,コック,,,
A100232,cook,v,(火を通して)〈食物〉を料理する,〈人が〉料理する,《副詞[句]を伴って》〈食べ物が〉料理される,《話》〈事実・数字など〉をうまくごまかす,
A100233,cookie,n,クッキー(《英》biscuit),,,,
A100234,cool,adj,涼しい,冷静な,(態度・感情などが)冷淡な,,
A100235,cop,n,〈口語〉警官,おまわりさん,,,
A100236,copy,n,〈C〉写す,〈C〉(同一書籍・雑誌・新聞などの)部,〈U〉(印刷の)原稿,〈U〉ニュースねた,
A100237,corn,n,〈U〉とうもろこし,〈C〉とうもろこしの実,〈U〉《英》穀草,,
A100238,corner,n,〈C〉かど,町かど,苦しい立場,,
A100239,correct,adj,事実に合った,標準(因習)に合った,,,
A100240,couch,n,〈C〉長いす,診察用ベッド,,,
A100241,could,modal auxiliary,～することができた,《仮定法》できるならば,できていたならば,できるだろうに,できただろうに
A100242,course,n,〈C〉進路,《単数形で》(時・事態の)経過,〈C〉(行動の)方針,〈C〉(競技の)コース,〈C〉(講議などの)課程
A100243,cousin,n,いとこ,親類,(性質などが)よく似たもの,,
A100244,cover,n,〈C〉おおい,〈C〉表紙,〈U〉隠れ場所,〈U〉姿を隠してくれるもの(暗闇),〈C〉(秘密を隠すための)見せかけ
A100245,cow,n,〈C〉雌牛,(鯨・象・サイなどの)雌,,,
A100246,cream,n,〈U〉クリーム(牛乳の上部に沙まる脂肪分),〈C〉〈U〉クリーム菓子,〈C〉〈U〉化床クリーム,クリーム状の薬品,《the cream》(～の)最上の部分,〈U〉クリーム色
A100247,credit card,n,クレジットカード,,,,
A100248,cry,n,〈C〉叫び声,声をあげて泣くこと,,,
A100249,culture,n,〈U〉教養,修養,教化,〈C〉〈U〉文化(主として精神面をさし),〈U〉(～の)耕作,栽培,,
A100250,cup,n,(紅茶・コーヒー用の)茶わん,茶わん1杯(の～)《+of+名》,カップ(容量の単位),賞杯,《修飾語を伴って》(悲しみ・楽しみなど)人生の経験
A100251,cut,v,〈他〉～を切る,〈像・文様など〉を刻む,,《～から》を削除する《from》,〈自〉切れる,
A100252,cute,adj,(小供・物などが)かわいい,気のきいた,,,
A100253,dad,n,おとうちゃん,,,,
A100254,daddy,n,(小児語で)おとうちゃん,,,,
A100255,dance,v,《～に合わせて》踊る,《副詞[句]を判って》こおどりする,〈木の葉・光の影などが〉舞う,〈ダンス〉を踊る,〈赤ん坊〉を上下に揺すってあやす
A100256,dance,n,ダンス,《the〜》踊り方,舞踏会([dancing party]),,
A100257,dancing,n,〈U〉踊ること,ダンス,舞踊,,
A100258,dark,adj,暗いやみの,(毛髪・皮膚・目の)浅黒い,陰うつな,腹黒い,隠した
A100259,date,n,〈C〉日付,〈U〉(歴史上の)時代,,,
A100260,daughter,n,〈C〉娘,女の子孫,(娘のように)生み出されたもの,,
A100261,day,n,〈U〉〈C〉昼間,〈C〉1日,〈C〉(労働や勉強の単位の)1日,〈C〉(物事が予定された)日・期日,《しばしばD-》祝日,〈C〉《しばしば複数形で》(過去・現在・未来いずれかの)時代,現代
A100262,dear,adj,親愛な,手紙の書き出しのあいさつの)親愛なる,《～にとって》大事な《to》,,
A100263,December,n,12月({略}Dec.),,,,
A100264,delicious,adj,おいしい,香りのよい,喜ばしい,,
A100265,describe,v,～を描写する,〈図形など〉を描く,,,
A100266,design,n,〈C〉(形式・構造などの)略図,〈C〉図案,〈U〉図案法,〈C〉(～の)計画,《複数形で》(～への)たくらみ
A100267,desk,n,机,受付所,(新聞社・役所などの)部局,,
A100268,dictionary,n,辞書,辞典,字引き,,
A100269,did,do-verb,[do]の過去形,,,,
A100270,difference,n,,〈U〉《～の間の》,～における,《～との》違い,in ～,from ～》
A100271,different,adj,異なった,個々の,くさぐさの,《話》風変わりな,
A100272,difficult,adj,(物事が)難しい,(人が)気難しい,,,
A100273,dig,v,〈地面・穴など〉を掘る,,～を掘り出す《+up+名》,(～から)～を見つけ出す,～を突く,(～に)～を突っ込む《+名+in(into)+名》,《俗》～を理解する
A100274,dining room,n,食堂,,,,
A100275,dinner,n,〈C〉〈U〉(1日の食事の中で)主要な食事,〈C〉(公式の)晩餐会,晩餐(用)の,,
A100276,dirty,adj,汚い,不正な,下品な,《話》(天気が)荒れ模様の(stormy,原子兵器が)汚れた
A100277,discuss,v,～を論ずる,討議する,検討する,,
A100278,dish,n,〈C〉(全員分の料理を盛る)大皿,《しばしばthe ~》《複数形で集合的に》(食事に用いる),〈C〉(皿に盛られた)料理,〈C〉(～の)皿1杯の分量,〈C〉《話》可愛い女の子
A100279,do,do-verb,～をする,《通例have ~,～を処理する,〈学課〉を勉強する,〈人〉に役立つ([serve])
A100280,doctor,n,通例,博士,《話》修理(修繕)屋,,
A100281,does,do-verb,[do]の三人称・単数・直説法現在形,,,,
A100282,dog,n,犬,雄犬,イヌ科の動物(特にイタチ・オオカミ・カワウソ)の雄,《話》《形容詞を伴って》やつ,《話》くだらない男,《米俗》粗悪な物
A100283,doing,do-verb,[do]の現在分詞・動名詞,,,,
A100284,doll,n,人形,《話》美しいが愚かな女,《俗》かわいい子(娘),《米俗》親切な人,
A100285,dollar,n,〈C〉ドル (米国の貨幣単位で100セント,記号は$),1ドル紙幣,,,
A100286,door,n,(家・部屋・家具の)扉,戸口,1戸,《比喩(ひゆ)的に》(～に至る)入口,
A100287,down,adv,(高い所から)下へ,(価格・品質・温度などが)下がって,(健康・風の勢いなどが)衰えて,,
A100288,drama,n,〈C〉戯曲,〈U〉《しばしばthe~》演劇,〈C〉〈U〉劇的事件,,
A100289,draw,v,〈他〉を引く,《副詞(句)を伴って》～を引いて(ある状態に)する,,《～から》～を引き抜く《from》,《～から》〈液体など〉をくみ出す《from ～》,〈絵・図〉を線で描く
A100290,dream,n,夢,白昼夢,抱負,《話》夢のように美しいもの,
A100291,dress,n,〈U〉衣服,〈C〉(ワンピースの)婦人服,,,
A100292,drink,n,〈U〉〈C〉飲み物,〈U〉酒,飲酒,〈C〉(飲み物の)ひと飲み,,
A100293,drink,v,〈飲み物〉を飲む,〈植物・地面・物が〉〈水分など〉を吸収する,〈人が〉〈空気〉を深く吸う,〈カップ・グラスなど容器の中身〉を飲む,《副詞[句]を伴って》〈金・時間など〉を酒で飲みつぶす
A100294,drive,v,〈他〉《～へ》〈動物・敵など〉を追い立てる《to ～》,《～から》～を押しやる《out of ～》,〈車・馬車〉を運転する,,
A100295,driver,n,(動物を)追う人,(一般に)車を運転する人,ドライバー(ゴルフで最長打を飛ばすために用いるクラブ),(くいなどの)打ち込み機,
A100296,drop,v,〈自〉したたる,落ちる,ばったり倒れる,下落する,《~ in
A100297,drum,n,太鼓,太鼓の音,太鼓のような音,形が)太鼓状のもの,(機械の)ドラム,ドラムかんなど,=tympanic membrane,
A100298,dry,adj,乾いた,雨の降らない,水のかれた,(家畜などが)乳の出ない,涙の出ない
A100299,due,adj,支払われるべき,〈敬意などが〉《～に》与えられるべき《to ～》,当然の,《～に》到着予定で《at ～》,
A100300,DVD,n,動画などを見るための)デジタル多用途ディスク,,,,
A100301,each,det,おのおのの,めいめいの,それぞれの,各～,
A100302,each,pron,各自,おのおの,めいめい,,
A100303,each other,pron,互いに,互いを,,,
A100304,ear,n,〈C〉耳,《単数形で》聴覚,じっと聞くこと,,
A100305,early,adv,(時間・時期的に)早く,(予定・ふだんより)早く,,,
A100306,easy,adj,簡単な,心配のない,ゆったりとした,,
A100307,eat,v,～を食べる,〈食事〉をする,〈スープ〉を飲む,～を常食にする(進行形にできない),〈金属〉を腐食する,〈水〉〈〈穴など〉を腐食(浸食)してあける,食べる
A100308,egg,n,〈C〉卵,鳥の卵,《英話》《形容詞を伴って》(～な)やつ,《俗》爆弾,
A100309,eight,number,〈C〉(数の)8,8の記号(18,〈U〉8時,〈U〉《複数扱い》8人,〈C〉八つ(8人),〈C〉(カードの)8の札,〈U〉(スケートの)8字形[滑走](the figure of eight)
A100310,eighteen,number,〈C〉(数の)18,18の記号(18,〈U〉(24里間制で)18時,〈U〉《複数扱い》18人,〈C〉18(18人),18の
A100311,eighty,number,〈C〉(数の)80,〈U〉80歳,〈U〉《複数抜い》80人,《the eighties》(世紀の)80年代,,80の
A100312,either,adv,《~ A or B》AかBかいずれか,《否定文・文尾》～もまた(～ない),,,
A100313,elementary,adj,初歩の,基礎の,,,
A100314,eleven,number,〈C〉(数の)11,11を表す記号(11,〈U〉11時,11歳,〈U〉《複数扱い》11人,〈U〉《単数扱い》(フットボールのチームなどの)11人(11個)一組,11の
A100315,else,adv,そのほかに,《or elseの形をとり接続詞的に》さもないと,,,
A100316,e-mail,n,〈U〉(伝達手段としての)電子メール,〈C〉(個々の)電子メール,,,
A100317,end,n,〈C〉終わり,(細いものの)端,(物事・期間の)最後,《しばしば複数形で》目的,
A100318,engineer,n,技師,《米》(特に鉄道の)機関士,巧みに事を処理する人,陸軍の)工兵,(海軍の)機関士官,
A100319,enjoy,v,を楽しむ,‘に'恵まれている,,,
A100320,evening,n,夕方,《文》末期,夜会,夕方の,
A100321,event,n,(特に重要な)でき事,(スポーツの)種目,勝負,《文》成り行き,,
A100322,every,det,《数えられる単数名詞と共に》すべての,毎～,《数えられる単数名詞と共に》可能な限りの,,
A100323,everybody,pron,【くだけた】みんな,誰でも,,,
A100324,everyday,adj,毎日の,(日曜日などに対して)平日の,日常の,,
A100325,everyone,pron,【かたく】みんな,誰でも,,,
A100326,everything,pron,《単数扱い》,なんでも,《補語にのみ用いて》何よりも大切なもの,Everything is OK now.,もう大丈夫です。
A100327,everywhere,adv,いたるところに,《接続詞的に》どこで～しても,,,
A100328,example,n,(～の)例,(～にとっての)手本,(～への)見せしめ,,
A100329,excellent,adj,すぐれた,(成績評点の)優の,,,
A100330,excited,adj,《通例be ~ 》《～に》興奮して,気が立った,,,
A100331,exciting,adj,(物事が)興奮させる,,,,
A100332,excuse,n,〈U〉〈C〉言い訳,許可証,,,
A100333,exercise,v,〈他〉(手足など)を働かせる,～に《～の》訓練させる《in ～》,〈自〉練習する,運動する,
A100334,expensive,adj,費用のかかる,高価な,,,
A100335,eye,n,〈C〉(人・動物の器官としての)目,〈C〉(まぶた・まつ毛・まゆ毛などを含めて),〈C〉視力,〈C〉《単数形で》視線,
A100336,face,n,〈C〉顔,表面,様子,〈U〉面目,
A100337,factory,n,工場,製作所,,,
A100338,fair,adj,公平な,(天気が)晴れた,《古》(特に女性が)美しい,相当な,
A100339,fairy,n,妖精(ようせい),妖精の,妖精のような,,
A100340,false,adj,正しくない,本物でない,,,
A100341,family,n,《集合的に》家族,〈U〉《時にa family》(一家の)子供たち,〈C〉(血縁に関係ある)親族,〈U〉家柄,(特に)名門,〈C〉(関係ある人・物の)一団
A100342,famous,adj,有名な,《話,ややまれ》すばらしい,,,
A100343,fan,n,〈C〉ファン,熱心な愛好者(支持者),,,
A100344,farm,n,農場,(家畜の)飼育場,,,
A100345,farmer,n,農場経営者,農業労働者,,,
A100346,fast,adj,速い,(時計が)進んでいる,しっかりした,心の変わらない,色が)あせない
A100347,fast,adv,速く,しっかりと,ぐっすりと([soundly]),どしどし,
A100348,fat,adj,太った,脂肪の多い,たっぷりとはいった,もうかる,土地が)肥えた
A100349,father,n,〈C〉父,《one's fathers》(男の)祖先,〈C〉(～の)創始者,《複数形で》(市町村議会などの)長老,《[the]F-
A100350,favorite,adj,お気に入りの,得意の,,,
A100351,favorite,n,〈C〉《～の》お気に入り,《the》(レースでの)人気選手,,,
A100352,February,n,2月(《略》Feb.),,,,
A100353,feed,n,〈U〉飼料,〈C〉《話》《単数形で》食事,ごちそう,,,
A100354,feel,v,(手・指で)～に触れる,《進行形にできない》(身体で)～を感じる,(心で)～を感じる,～と思う,〈人が〉感じる
A100355,feeling,n,〈U〉(身体の)感覚,《a feeling,〈U〉(～に対する)同情,《複数形で》(理性に対して)感情,《a feeling
A100356,festival,n,〈C〉〈U〉祭り,〈C〉祭日,《しばしばF-》(映画・音楽などの)～祭,,
A100357,fever,n,〈U〉《しばしばa fever》(身体の異常な)熱,〈U〉熱病,〈U〉〈C〉(～に対する)興奮,,
A100358,field,n,〈C〉野原,田野,〈C〉(鉱物などの)産出地,〈C〉戦場([battlefield]),〈C〉(スポーツの)競技場,〈C〉(ある用途の)場
A100359,fifteen,number,〈C〉(数の)15,15記号(15,〈U〉(24時間制の)15時,〈U〉《複数扱い》15人,〈C〉15(15人),15の
A100360,fifty,number,〈C〉(数の)50,50記号(50,〈U〉50分,50歳,〈U〉《複数扱い》50人,《the fifties》(世紀の)50年代,(年齢の)50代,50の
A100361,fight,n,〈C〉《～との》奮闘,〈U〉闘志,〈C〉《～についての》論争,〈C〉(特にボクシングの)試合,
A100362,file,n,〈C〉ファイル,(整理された新聞・書類などの)とじ入み,,,
A100363,fill,v,〈他〉をいっぱいにする,を占める,を満たす,〈自〉《～で》いっぱいになる 《with ～》,
A100364,find,v,〈他〉(偶然に)～を見つける,を見つけ出す,《今まで知られていない事・物》 が分かる 《out ～》,,
A100365,fine,adj,(物・事が)立派な,けっこうな,(人が)優れた,(天気が)晴れた,《補語にのみ用いて》《話》元気な
A100366,finish,n,(ことの)最終段階,(家具などの)表面,(ニスなど)仕上げの材料,死,
A100367,finish,v,～を終える,～を食べ尽くす,～の仕上げをする,《話》〈人〉を参らせる,〈物事が〉終わる
A100368,fire,n,〈U〉火,〈C〉燃えているもの,〈U〉〈C〉火事,,
A100369,first,adj,(順序・時間的に)第1の,(階級・等級・重要度などが)1番の,,,
A100370,first,adv,最初に,(～するくらいなら)むしろ,,,
A100371,fish,n,〈C〉魚,《集合的に》魚類,〈U〉魚肉,〈C〉《話》人,,
A100372,fishing,n,〈U〉(職業としての)魚取り,(スポーツとしての)釣り,漁場,,
A100373,five,number,〈C〉(数の)5,5の記号(5,〈C〉5時,〈U〉《複数扱い》5人,〈C〉5人(5個)1組のもの,〈C〉(カードの)5の札
A100374,flag,n,〈C〉(国家・団体などを象徴する)旗,,,,
A100375,flat,n,〈C〉アパート,《米》安アパート,〈C〉平面,《おもに米》空気の抜けたタイヤ,
A100376,floor,n,〈C〉床,階,,,
A100377,flower,n,〈C〉(植物の)花,(鑑賞用の)草花,〈U〉開花,〈U〉《文》(～の)最もすぐれた部分,〈U〉(人生・美しさなどの)盛り(prime)《+of+名》,《しばしば複数形で》《単数扱い》華(か)(圧縮や昇華によって得られる細かな粉末)
A100378,fly,n,〈C〉ハエ,ハエと同類の昆虫,(釣りに用いる)蚊針,,
A100379,fly,v,飛ぶ,飛行機で飛ぶ,(風などで)空中を飛ぶ,(風に)ひるがえる,《副詞[句]を伴なって》飛ぶように動く(走る)
A100380,focus,v,(～に)〈レンズなど〉‘の'焦点を合わせる《+名+on+名》,～に)〈注意など〉を集中する《+名+on+名(doing)》,(～に)〈レンズなどの〉焦点が合う,〈注意などが〉集まる《+on+名》,,
A100381,foggy,adj,霧の立ちこめた,(像などが)霧がかかったような,(考えなどが)ぼんやりした,,
A100382,following,adj,《the following》(時間・順序において)次の,《the following》次に述べる,同じ方向に動く,,
A100383,food,n,〈U〉食物,〈U〉(飲み物に対して)食べ物,〈C〉(特定の種類の)固形食品,〈U〉(動植物に)栄養を余えるもの,〈U〉《比喩(ひゆ)的に》(心・精神の活動を刺激・奨励する)糧(かて),(思考・反省などの)資料
A100384,football,n,〈U〉《米》フットボール,〈C〉フットボール用ボール,,,
A100385,for,prep,《時間・距離》～の間,《利益・貢献》～のために,《適応・用途》～向けに,《目的・意向》～のために,《敬意・記念》～を記念して
A100386,foreign,adj,外国の,外国からの,外国との,《名詞の前にのみ用いて》異質の,《補語にのみ用いて》(～に)無縁の,,
A100387,foreigner,n,外国人,外国から来た物,,,
A100388,forget,v,～を忘れる,～を怠る,～を置き忘れる,～を気に留めない,～のことを)忘れる《+about+名(doing)》
A100389,form,n,〈C〉〈U〉(色・材質に対して)形,〈C〉人体,〈C〉〈U〉外観,〈C〉〈U〉(ものの現れる)形態,〈C〉(生物などの)種類
A100390,forty,number,〈C〉(数の)40,40の記号(40,〈U〉40分,40歳,〈U〉《複数扱い》40人,《the forties》(世紀の)40年代,《one's forties》(年齢の)40代,40の
A100391,four,number,〈C〉(数の)4,4ノ記号(4,〈U〉4時,〈U〉《複数扱い》4人,〈C〉4個(4人)1組のもの,フォア(4本オールのボートおよびその選手,〈C〉(カードの)4の札
A100392,fourteen,number,〈C〉(数の)14,14の記号(14,〈U〉(24時間制の)14時,〈U〉《複数扱い》14人,〈C〉14(14人),14の,14個の,14人の
A100393,free,adj,(束縛された状態になく)自由な,(国家・国民などが)独立している,(苦痛・制約などを)免れている,無料の,
A100394,Friday,n,金曜日(《略》Fr.),Fri.,,,
A100395,friend,n,〈C〉友人,〈C〉味方,〈C〉役に立つもりの,〈C〉《F-》フレンド派(Society of Friends)の人,《丁重な呼びかけ》友よ
A100396,frog,n,カエル,,,,
A100397,from,prep,《場所・時》～から,《起源》～出身の,《原因》～によって,《区別》～と違って,《抑制・妨害》～することを《~ doing》
A100398,front,adj,正面の,(発音で)前舌音の,,,
A100399,fruit,n,〈U〉〈C〉果物,《複数形で》農作物(果物・穀物・野菜など),〈U〉〈C〉《しばしば複数形で》成果,,
A100400,full,adj,いっぱいの,(数量が)たくさんある,(程度・量・数などが)完全な,《名詞の前にのみ用いて》最大限の,《名詞の前にのみ用いて》正式の
A100401,fun,adj,楽しい,おもしろい,,,
A100402,fun,n,楽しみ,戯れ,愉快な気持ちにさせるもの(人),,
A100403,funny,adj,おかしい,変な,《話》気分が悪い,,
A100404,future,n,〈U〉〈C〉未来,〈C〉将来の可能性,《the ~》(文法で)未来時制,《複数形で》先物[契約],
A100405,game,n,〈C〉遊び,競技,,,
A100406,garbage,n,(台所から出る)生ごみ,くだらないもの,,,
A100407,garden,n,〈C〉庭,〈U〉庭面積,〈C〉《しばしば複数形で》公園,《Gardens》《地名の後に置いて》～街,庭で育つ,庭園用の
A100408,get,v,〈他〉を受け取る,を手に入れる,を取ってくる,〈人〉にさせる,をする
A100409,ghost,n,幽霊,(～の)ほんのわずか《+of+名》,(～の)幻,=ghost writer,テレビの画面の)ゴースト
A100410,gift,n,〈C〉(～への)贈り物,〈C〉(～に対する)生まれつきの才能,〈U〉《古》与えること,,
A100411,girl,n,女の子,女店員,《one's ~》《話》恋人,一般的に)女(woman),《話》娘(daughter)
A100412,girlfriend,n,女友だち,ガールフレンド,(女の)恋人,,
A100413,give,v,(無償で)〈物〉を与える,〈物〉を渡す,〈代金〉を支払う,《抽象的なことを目的語にして》～を与える,《～に》物を与える
A100414,glad,adj,うれしい,《be ~ to do》喜んで～する,(物事・表情・声などが)喜ばしい,,
A100415,glass,n,〈U〉ガラス,〈C〉(ガラス製の)コップ,〈C〉(～の)コップ(グラス)1杯[の量](glassful)《+of+名》,〈U〉《集合的に》ガラス製品,〈C〉《英話》鏡(looking glass)
A100416,glasses,n,眼鏡,[glass]の複数形,,,
A100417,go,v,行く,立ち去る,〈事が〉運ぶ,(ある状態に)なる,《~ 補語》(ある状態の)ままである
A100418,goal,n,ゴール,(ゴールに球を入れて得た)得点,=goalkeeper,目標(aim),
A100419,gold,adj,**金の**,金製の,,,
A100420,good,adj,(物事の内容・程度などが)よい,(道徳的に)善良な,(子供が)行儀がよい,(行動・目的などが)適している,親切な([kind])
A100421,good afternoon,interj,こんにちは(午後のあいさつ),《古》(上昇調で)さようなら(午後別れるとき,,,
A100422,good morning,interj,おはよう,《古》さようなら(午前中に別れるとき),,,
A100423,good night,interj,おやすみなさい,,,,
A100424,grade,n,《米》(小・中・高校の)学年(小学校から12年まで通算する,《おもに米》(学業の)成績,(位階・品質・価値などの)階級,《米》(道路・線路などの)傾斜,
A100425,grammar,n,〈U〉文法,〈C〉文法書,〈U〉(文法的に正しい)言葉遺い,,
A100426,grandfather,n,祖父,,,,
A100427,grandma,n,おばあちゃん,,,,
A100428,grandmother,n,祖母,,,,
A100429,grandpa,n,おじいちゃん,,,,
A100430,grandparent,n,祖父母,その一方,,,
A100431,grape,n,ぶどう,=grapevine,,,
A100432,grass,n,〈U〉草,草地,,,
A100433,gray,adj,灰色の,顔色が)青白い([pale]),(空が)曇った,(気持ちなどが)陰気な,しらがの多い
A100434,gray,n,[grey],〈U〉灰色,〈U〉灰色の服,〈C〉灰色の絵の具,《米》(南北戦争当時の)南軍兵士
A100435,great,adj,(規模・範囲などが)大きい,多数の,多量の,偉大な,(身分・地位などの)高い,気高い
A100436,green,adj,緑の,季節が)新緑の,(木々の緑が残って)温暖な,果物が)うれていない,(酒・チーズなどが)熟成していない,未経験の,食物・木材・皮などが)生の,調理して(乾燥して)
A100437,greet,v,〈他〉〈人など〉にあいさつする,《喜び・親しみ・悪意などをもって》～を迎える《with ～》,,,
A100438,ground,n,〈U〉《the~》地面,土,〈C〉(特定の目的のための)場所,《複数形で》(建物の回りの)庭,根拠
A100439,group,n,(～の)群れ,(主義・系統・種類などを同じくする人・物の)派,(ポミュラーソング歌手の)グループ,動・植物分類上の)群,(化学の)基,
A100440,grow,v,成長する,(類・量・程などにおいて)増大する,しだいになる,～を成長させる,～から生じる(起こる)
A100441,guess,v,(十分な根拠なしに)～を推測する,(正確な推測で)～を言い当てる,《~ that》《米》～と思う,,《～を》推測する《at》,
A100442,guest,n,(食事・会合・滞在などへの)招待客,(ラジオ・テレビなどの番組の)ゲスト,,,
A100443,guitar,n,ギター,,,,
A100444,guy,n,〈C〉《米話》男,《米話》《複数形で》君たち,《英》ガイフォークスの人形,《英》変てこな服装の人,【動
A100445,habit,n,〈U〉〈C〉習慣,(動・植物の)習性,〈C〉(麻薬などの)常用癖,僧衣など
A100446,had,have-verb,[have]の過去形,《過去のある時における動作の完了・結果》～していた,《過去のある時までの経験》～したことがあった,《過去のある時までの継続》(ずっと)～していた,
A100447,hair,n,〈C〉(人間・動物の1本の)毛,〈U〉《集合的に》髪の毛,《a~》1本の毛ほどの量,,
A100448,haircut,n,散髪,頭の刈り方,,,
A100449,half,n,〈C〉〈U〉半分,〈U〉《時刻を表す数詞と共に用いて》半,〈C〉《おもに英》(2学期制の学校での)前(後)期,〈C〉(競技などの)前(後)半,(野球で1イニングの)表(裏,〈C〉=halfback
A100450,hall,n,会館,(大きな建物の一部となっている)大広間,また《おもに米》hallway)玄関の広間(玄関のドアを入った所とそこから各部屋の前まで通じる廊下),《米》(学校・ビルなどの)廊下,学校内の特別の用途のための建物(校舎)
A100451,hamburger,n,《米》〈U〉牛のひき肉(ground beef),またHamburg steak)〈C〉ハンバーグステーキ(牛のひき肉を焼いたもの),〈C〉(また《米話》burger)ハンバーガー(ハンバーグステーキをはさんだサンドイッチ,,
A100452,hand,n,手(手首から先の部分),(時計・計器の)針,《単数形で》筆跡,側,《a~》《～への》援助
A100453,handsome,adj,風采(ふうさい)のよい,(形・色などが)優れた,(数量が)かなりの,《米》器用な,
A100454,happen,v,〈自〉(でき事が)起こる,たまたま～する,《~ to ～ 》(出来事が)～に起こる,,
A100455,happy,adj,幸せな,嬉しい,,,
A100456,hard,adj,(物体が)堅い,難しい,《名詞の前にのみ用いて》(人が)精力的な,激しい,生活などが)耐え難い
A100457,hard,adv,一生懸命に,強く,やっと,堅く,ひどく悲んで
A100458,has,have-verb,[have]の三人称単数現在,,,,
A100459,hat,n,(回りに縁のついた)帽子,～‘に'帽子をかぶせる,,,
A100460,have,have-verb,《~ 過去分詞》《完了・結果》～した,《経験》～したことがある,《継続》(ずっと)～している,《will(shall)~ 過去分詞》《未来の完了・結果》～してしまっているだろう,《未来の経験》～したことになる
A100461,have to,modal auxiliary,客観的判断として)～しなければならない,指示して)～してください,～であるに違いない,,
A100462,having,have-verb,[have]の現在分詞・動名詞,《〜 過去分詞》～したこと,,,
A100463,he,pron,彼は,《指す人の性別が分からないか,《~ who(that)の形で》《文》～するものはだれでも,(動物の)オス,
A100464,head,n,(顔を含めた)頭,頭脳,長,(ある物の)上部,川・泉の)源
A100465,headache,n,頭痛,《話》悩みの種,,,
A100466,health,n,健康,(体の)状態,《To one's health!》(健康を祝しての)乾杯,,
A100467,healthy,adj,(人・身心などが)健康な,健康によい,,,
A100468,hear,v,〈音〉‘が'聞こえる,〈人の言うこと〉‘に'耳を傾ける,〈うわさ・ニュースなど〉を耳にしている,耳が聞こえる,《しばしば命令形で》耳を傾ける
A100469,heart,n,〈C〉心臓,胸,〈C〉(感情の中心をなす)心,〈U〉愛情,〈U〉勇気,《the ~》中心
A100470,heavy,adj,重い,(分量・程度・規模・強さなどが)激しい,厳しい,悲しい,動作が)のろい
A100471,hello,n,電話の応答で)もしもし,(あいさつ・呼びかけ・驚きの声などに用いて)こんにちは,こんにちは(やあ),,,
A100472,help,v,〈他〉〈人が〉〈人〉を手伝う,〈物事が〉〈人・事〉に役立つ,,,
A100473,her,det,【所有形容詞】《[she]の所有格》彼女の,,,,
A100474,her,pron,《[she]の目的格》彼女に,《口語》《[be] の補語に用いて》彼女,,,
A100475,here,adv,《場所・位置》ここで,《関連》この点で,,,
A100476,hers,pron,《sheの所有代名詞》彼女のもの,《of hersの形で》彼女の,,,
A100477,hi,interj,《話》(あいさつとして)やあ,《英》(注意を促す発声として)おい,,,
A100478,hide,v,〈他〉を隠す,〈自〉隠れる,,,
A100479,high,adj,高い,《数の後に置いて》高さが～ある,(数量・程度などが標準より)高い,(身分・地位が)高い,気高い
A100480,hill,n,〈C〉丘,(特に道路の)傾斜,,,
A100481,him,pron,彼を,《話》彼(=he),,,
A100482,his,det,【所有形容詞】《[he]の所有格》彼の,,,,
A100483,his,pron,《[he]の所有代名詞》彼のもの,《of hisの形で》彼の,,,
A100484,history,n,〈U〉歴史,歴史学,〈C〉歴史書,〈C〉(人の)経歴,〈C〉史劇,
A100485,hobby,n,(他の人と多少変わった)趣味,道楽,,,
A100486,hold,n,,〈U〉〈C〉《～を》つかむこと《of》,on ～》,,,
A100487,hole,n,(壁などにあいた)穴,(動物の住む)巣穴,《話》あばら家,議論・計画などの)欠点(fault),《話》窮地
A100488,holiday,n,休日,《しばしば複数形で》《英》長い休暇,(宗教上の)聖日,休暇をとる,
A100489,home,n,〈C〉〈U〉《おもに米》(家族の住む)家,〈U〉〈C〉家庭,〈U〉生まれ故郷,〈C〉(動物の)生息地,〈C〉《家のない人・病人などの》収容施設
A100490,hometown,n,今までいちばん長く住んだ町(市),子供のとき過ごした町(市),生まれた町(市),,
A100491,homework,n,(生徒の)宿題,(教師の)授業準備,自宅でする仕事,内職,,
A100492,hope,n,〈U〉〈C〉望み,希望,,,
A100493,horse,n,〈C〉馬,=vaulting horse,〈C〉(物を載せたり),〈U〉《集合的に,複数扱い》騎兵,〈人〉を馬に乗せる,〈馬車〉‘に'をつける
A100494,hospital,n,病院,,,,
A100495,hot,adj,熱い,(味が)辛い,(気性などの)激しい,(気分・感情などの)高ぶった,状態や動きが)激しい([violent])
A100496,hotel,n,ホテル,旅館,,,
A100497,hour,n,〈C〉(60分としての)1時間(《略》h,〈C〉(時計で示される)時刻,〈C〉(ある事をする)特定の時間,〈C〉(一般的な)時,《複数形》勤務(営業)時間
A100498,house,n,家,家庭,《しばしば複合語を作って》(ある特定の目的に用いる)建物,(劇場などの)観客,《しばしばthe H-》議会
A100499,how,adv,どんなふうに,どれほど,どんな具合で,《~ is it ～?で》どんな理由で,《感嘆文で》なんと
A100500,hungry,adj,飢えた,《補語にのみ用いて》(～を)熱望して,(土地などが)不毛の,,
A100501,hurry,n,急ぐこと,,《否定文・疑問文で》《～を》急ぐ必要《for》,[in no ~|in no hurry]で)《話》なかなか～する気にならない《+to do》,,
A100502,hurt,v,〈身体・身体の一部〉に苦痛を与える,〈物〉に損害を与える,〈身体の一部が〉痛む,,
A100503,husband,n,夫,～を節約する,,,
A100504,I,pron,〈C〉英語アルファベットの第9字,〈C〉I字型[の物],〈U〉(ローマ数字の)1,,
A100505,ice,n,〈U〉氷,〈U〉《the~》表面に張った氷,〈C〉《米》氷菓子(シャーベット・フラッペなど),〈U〉(気持ち・態度などの)冷たさ,
A100506,ice cream,n,アイスクリーム,,,,
A100507,idea,n,〈C〉(心に浮かんだ)考え,(はっきりとした)意見,案,,
A100508,ideal,adj,理想的な,(実在ではなく)観念的な,,,
A100509,if,conj,《仮定・条件を表して》もし～ならば,《譲歩を表して》たとえ～でも([even though]),～するといつでも,《間接疑問文を導いて》～かどうか,
A100510,imagine,v,～を想像する,《~ that ～》～と思う,《～ wh-節》～かどうかを推測する,想像する,
A100511,important,adj,重要な,有力な,,,
A100512,in,prep,《具体的な場所,～において,《移動を表す動詞と共に》～の中へ,(乗り物)に乗って,～の状態に
A100513,information,n,《単数形で冠詞をつけずに》(～についての)情報,〈U〉案内,〈C〉案内所,,,
A100514,inside,prep,～の中で(に),～以内に,,,
A100515,interested,adj,興味(関心)のある,関心(興味)を示す,,,
A100516,interesting,adj,(物事が)興味を起こさせる,おもしろい,,,
A100517,internet,n,《The 〜》インターネット,単にthe net,,,
A100518,interview,n,(就職のためなどの)面接,取材のための)(～との)会見,訪問記事,,
A100519,interviewer,n,面接する人,訪問記者,,,
A100520,into,prep,《運動,～に突きあたって,～に加えて,《状態の変化・結果》～に,《時間の推移》～まで
A100521,introduce,v,〈人〉を紹介する,《～に》～を初めて取り入れる,《～を》〈人〉に手ほどきする,《～に》〈議案など〉を提出する《into ～》,《～に》～を持ち込む《into ～》
A100522,is,be-verb,[be]の三人称・単数・現在,,,,
A100523,island,n,島,島に似たもの,(街路上の)安全地帯(《米》safety island,,,
A100524,it,pron,《すでに述べられた物・事または幼児,《その場の状況で相手に何であるか分かるような物・事または人を指して》それは(を),,,
A100525,item,n,事項,項目、品目,,,
A100526,its,det,その・それの,,,,
A100527,its,pron,《名詞の前で》それの,その,それに関する,,
A100528,jacket,n,〈C〉上着,《米》(レコードの)ジャケット,(パイプ・ボイラーなどの)被覆物,(じゃがいもなどの)皮,
A100529,January,n,1月(《略》Ja.),Jan.,,,
A100530,jeans,n,《jeanの複数形》〈C〉ジーパン,ジーン布製の)作業服,,,
A100531,jet,n,〈C〉(水・ガス・蒸気などの)噴出,噴出物,噴出口,ジェット機,
A100532,jewelry,n,(宝石・貴金属類の)装身具類,[jewellery],,,
A100533,job,n,職、仕事,,,,
A100534,join,v,〈二つ以上のもの〉をつなぐ,,《～に》～をつなぐ《to》,〈会など〉に加入する,《～で》〈人〉の仲間に入る,《〈人〉と〈事〉に》加わる《in 〈事〉with 〈人〉》
A100535,judge,v,を裁判する,を審判する,を判断する,,
A100536,juice,n,〈U〉〈C〉(果物・野菜・肉などの)汁,《複数形で》(動物の)体液,〈U〉《俗》電気,ガソリン,～‘から'汁をしぼり取る,
A100537,July,n,7月(《略》Jul.),Jy.,,,
A100538,jump,v,《副詞を伴って》(地面などから)跳ぶ,急に(さっと)立ち上がる,驚き・恐怖などで)《～に》ぎくっ(ぎょっ)として跳び上がる《at ～》,〈金額・数量が〉急増する,～を跳び越える
A100539,June,n,6月(《略》Je.),Jun.,,,
A100540,just,adv,ちょうど,《完了形と共に用いて》たったいま,《しばしばonlyと共に用いて》ようやく,単に,《命令文で》ちょっと
A100541,keep,v,〈他〉〈物〉をずっと持っている,〈物〉を保存しておく,〈ある状態〉を保ち続ける,〈約束・規則・慣習など〉を守る,の管理をする
A100542,key,adj,重要な,主要な,鍵となる,,
A100543,key,n,《～の》鍵,《the 〜》《達成・理解・解決などの》手がかり,(練習問題などの)解答の手引き,(辞書・地図などの)略語解,《the 〜》
A100544,kick,n,〈C〉けること,〈C〉(サッカーなどのボールの)けり,けられたボール,〈U〉(銃などの)反動,〈U〉〈C〉《話》(アルコール飲料の)刺激性
A100545,kick,v,～をける,(フットボールで)〈ゴール〉にキックで球を入れる,《～を》ける《at ～》,(フットボールで)キックする,〈発射した銃などが〉反動を与える
A100546,kid,n,〈C〉《おもに米話》《複数形で》子供,子ヤギ,〈U〉子ヤギの皮,,
A100547,kill,v,〈人・動物〉を殺す,〈植物〉を枯らす,～をだめにする,《話》～をひどく痛ませる(疲れさせる),〈時間〉をつぶす
A100548,kind,n,〈C〉〈U〉《～の》種類,部類([sort])《of ～》,,,
A100549,king,n,王,王にたとえられる人(物),(カードの)キング,(チェスの)キング,
A100550,kiss,n,口づけ,軽く触れること,(1個ずつ紙・銀紙に包まれたチョコレートなどの)小さなキャンデー,,
A100551,kitchen,n,台所,調理場,,,
A100552,kite,n,トビ(ワシタカ科の猛鳥),たこ(凧),,,
A100553,knee,n,ひざ,(洋服の)ひざの部分,ひざのように曲がった物,,
A100554,knife,n,ナイフ,(機械などの)刃,,,
A100555,know,v,知る,知っている,見分けがつく,,
A100556,lady,n,教養・礼儀を身につけ,《女性(woman)に対する丁寧な言い方として》婦人,《L-》《英》～夫人,(一般に)女性,
A100557,language,n,〈U〉言語,〈C〉(一国家・一民族の持つ)国語,〈U〉(文字・話し言葉為外の)伝達記号,〈U〉(個人・特定のグループなどの)言葉遣い,〈U〉語学
A100558,large,adj,同じ種類のものと比較して,(考えなどが)広範囲な,大きく,自慢して,
A100559,last name,n,(名に対する)姓,,,,
A100560,late,adj,(定刻・通常・予定の時間より)遅れた,(時刻が)遅い,(時期が)遅い,最近の,《the~
A100561,late,adv,(定刻などより)遅れて,(時刻が)遅く,最近,,
A100562,later,adv,後で,lateの比較級)(定刻・予定時間・他の人(物))より遅れて,,,
A100563,laugh,v,(声を立てて)〈人が〉笑う,〈目・口もとなどが〉うれしそうに笑う,〈動物,～を笑って言う,《a+形容詞+laughを目的語にして》～‘の'笑い方をする
A100564,lazy,adj,怠惰な,けだるい,動きがのろい,《the ~》怠け者,
A100565,leader,n,指導者,《英》(またleading article)(新聞などの)社説,《米》(釣り針を釣り糸に連結する)はりす,《米》合唱団の指揮者,《英》(オーケストラの)首席第1バイオリン奏者,
A100566,leaf,n,〈C〉(木・草の)葉,〈C〉花びら,〈C〉(本などのページの裏表)1枚,〈U〉(金属の)薄片,〈C〉(折りたたみ式テーブルの)補助板
A100567,learn,v,〈知識・技術など,～を覚える(memorize),～を聞いて知る,習う,～から～について)知る
A100568,leave,v,～を去る,(学校など)をやめる,《~ A B》AをBのままにしておく,《～に》～をゆだねる,《～に向けて》去る
A100569,left,adj,左の,(政治上の)左翼の,,,
A100570,leg,n,(人・動物の)脚,(ズボン・靴下などの)脚をおおう部分,(家具などの)脚,(三角形の底辺を除く)一辺,旅などの全行程の中の)一区切り
A100571,lesson,n,《しばしば複数形で》授業,(教科書などの)課,《複数形で》(授業に伴う)勉強,教訓,礼拝の時に読む)聖書の一節
A100572,let,v,〈他〉〈人・動物など〉に～させる,《~ us do》～しよう,《英》〈土地・家など〉を貸す,,
A100573,letter,n,手紙,文字,,,
A100574,library,n,図書館,(個人の)書斎,蔵書,双書,
A100575,life,n,〈U〉(無生物と区別して),〈U〉《集合的に》生物,〈U〉(死後の)霊,〈C〉人間(person),〈U〉一生
A100576,light,adj,(重量が)軽い,(程座・量が)軽い,軽快な,軽装の,肩のこらない
A100577,light,n,〈U〉光,〈U〉夜明け,日中,日光,〈C〉明かり,〈U〉《時にa~》光輝([brightness]),〈C〉(点火するための)火
A100578,like,prep,(外観・性質などが)～に似た,やり方,～らしい,《おもに話》たとえば～のような,
A100579,like,v,～を好む,《しばしば否定文で,好む,,
A100580,lily,n,ユリ,ユリの花,(フランス王家の)ユリの紋章,,,
A100581,line,n,〈C〉線,(色・縫い目などの)線,(物・人の)列,綱,電線
A100582,lion,n,ライオン,(ライオンのように)勇猛な人,名士,(英国の象徴としての)ライオン,しし紋,
A100583,list,n,〈C〉《～の》表,一覧表,リスト,名簿 《of ～》,
A100584,listen,v,〈自〉(聞こうとして)聞く,《忠告・理性などに》耳をかす,,,
A100585,little,adj,小さい,,,,
A100586,little,adv,《aをつけて》少し,《冠詞なしで強い否定を表して》全然～ない,,,
A100587,live,v,〈自〉生きている,〈人などが〉生き続ける,〈物事が〉長く続く,〈人などが〉住む,生活する
A100588,living,adj,生きている,生活の,生活に適した,現存の,生き生きした,生き写しの
A100589,living room,n,居間,,,,
A100590,lonely,adj,(人が)ひとりの,寂しい,(物が)孤立した,場所が)人里離れた,,
A100591,long,adj,長い,長く続く,長さが～の,長々しい,多い
A100592,look,n,〈C〉《～を》見ること《at ～》,(人の)顔つき,(物事の)外観,,
A100593,look,v,〈自〉(ある状態に)見える,〈他〉をじっと見る,,,
A100594,lot,adv,たくさん,非常に,大いに,,
A100595,lot,pron,《通例 a をつけて》たくさん,多量,多数,,
A100596,love,n,〈U〉(～に対する)愛,〈U〉《時にa~》(物事に対する)強い好み,〈U〉恋愛,〈C〉《my~》愛人,《夫・妻子・愛人に呼びかけて》おまえ
A100597,love,v,〈C〉(テニスで)零点,～を愛する,〈物事〉‘が'大好きである,～‘に'恋する,愛する,恋する
A100598,lovely,adj,美しい,《話》すばらしい,,,
A100599,luck,n,〈U〉運,幸運,,,
A100600,lucky,adj,幸運の,幸運をもたらす,,,
A100601,lunch,n,〈U〉昼食,〈C〉〈U〉,軽食,,
A100602,'m,be-verb,[am]の短縮形,,,,
A100603,machine,n,機械,自動車,加えられた力を強めたり方向を変えたりする機械(器具),てこ,組織,自主性も意欲もない)機械のような人
A100604,magazine,n,雑誌,武器弾薬庫,(連発銃の)弾倉,(カメラの)フイルム巻き取り枠,
A100605,mail,n,〈U〉郵便,(1回に配達または投函される)郵便物,,,
A100606,make,v,〈他〉を作る,を整える,《行為・動作を表す名詞を目的語にして》～をする,(ある状態・形態に)～をする,～になる
A100607,man,n,〈C〉(成人の)男,〈U〉人類,,,
A100608,many,det,多くの,《〜 a(an)～の形で》《文》《単数名詞を従えて》多くの,,,
A100609,many,pron,《複数扱い》《～の》多数《of+名(複数形)》,《the》大多数,,,
A100610,map,n,(1枚1枚の)地図,天体図,,,
A100611,March,n,3月({略}Mar.),,,,
A100612,match,n,〈C〉試合,《単数形で》《～に》匹敵する相手,《単数形で》対の一方,《単数形で》《～と》よくつり合うもの《for ～》,《古》縁組
A100613,math,n,《米話》=[mathematics] (《英話》[maths]),,,,
A100614,matter,n,〈U〉物質,〈C〉(論議・関心の的となる)事柄,〈U〉重大事,,
A100615,may,modal auxiliary,《推量》～かもしれない,《許可》～してもよい,《容認》～しても差し支えない,《能力》～できる,《文・願望》～しますように
A100616,May,n,5月,,,,
A100617,maybe,adv,たぶん,おそらく,もしかすると,ことによると,
A100618,me,pron,私を(に),《話》私(=I),,,
A100619,meal,n,〈C〉(一定の時刻に定められた)食事,(1回分の)食事,,,
A100620,mean,v,〈人が〉～を意図する,〈単語・句・文章などが〉～を意味を持つ,,,
A100621,meat,n,(食用の)動物の肉,《英古》《米文》(一般的に)食物(food,(課実などの)食用部分,(議論・書物などの)最も重要な部分,
A100622,medicine,n,〈U〉医学,〈C〉〈U〉(外用薬以外の)薬[剤],〈U〉(北米インディアンの間で行われる)病気(悪霊)を追い払うまじない,,
A100623,meet,v,〈他〉に出会う,(紹介されて)～と知り合いになる,〈人〉と会う,〈人〉を出迎える,〈自〉会う
A100624,meeting,n,〈C〉集会,〈C〉《単数形で》出会い,(人物が)いっしょになること《+of+名》,〈U〉《the ~》《集合的に》参加者,〈C〉物がいっしょになる場所(地点),(川の)合流点,〈C〉(特にクエーカー教徒の)礼拝集会
A100625,memory,n,〈C〉〈U〉記憶[力],〈C〉思い出,〈U〉《the~》記憶している期間,〈C〉死後の名声,
A100626,merry,adj,陽気な,《話》一杯きげんの,,,
A100627,message,n,〈C〉(文書・言葉・信号などによる)伝書,〈U〉《the ~》要旨,お告げ,,
A100628,middle,adj,(空間的に)まん中の,(時間・順序・数量などが)中間の,平均の,,
A100629,milk,n,雌の哺乳(ほにゅう)動物が分泌する)乳,(植物の)乳汁,,,
A100630,mind,n,〈U〉心,〈C〉知性,意見,,
A100631,mine,pron,私のもの,《～ of ~》私の～,,,
A100632,minute,n,〈C〉(時間の単位の)分 (1,60時間,《略》m.,角度の単位の)分(1),60度,記号は'で,〈U〉《しばしばa ~》《話》瞬間
A100633,Miss,n,〈C〉未婚婦人,《複数形で》少女,《M-》《未婚婦人の姓・姓名の前に付けて》～嬢,《生徒が女の先生に対して》～先生,
A100634,miss,v,〈他〉〈ボールなど〉を打ち損なう,〈人〉に会い損なう,〈列車・船など〉を捕まえ損なう,～を見落とす,〈物事〉を逃す
A100635,mobile,n,携帯電話,《美術》モビール作品,《米俗》自動車,,
A100636,mobile phone,n,携帯電話,,,,
A100637,mom,n,=[mother],〈C〉〈U〉母,〈C〉母親のような人,〈U〉《the ~》《～の》源(みなもと),
A100638,moment,n,〈C〉瞬間,《a ~》ちょっと,《通例単数形で》(特定の)時期,〈U〉重要性,
A100639,mommy,n,おかあちゃん,ママ([mom])(《英》[mummy],,,
A100640,Monday,n,月曜日(《略》Mon.),,,,
A100641,money,n,〈U〉金(かね),〈U〉(金銭的な)利益,《複数形で》(政府・公共事業などの)財源,,
A100642,monkey,n,さる(猿)(普通小さくて尾のあるサル,《話》猿に似た顔つきの人(動作をする人),(特に)いたずら小僧,《英俗》500ポンド,,
A100643,month,n,またcalendar month)(暦の上の1月から12月までのそれぞれの)月,(ある日から翌月のその日までの)ひと月,またlunar month)(太陰暦の)ひと月(月が地球の周りを1公転する期間,太陽暦ではsolar month,,
A100644,moon,n,《the~》(天体の)月,〈U〉《しばしばa~》(さまざまに形を変える)月,〈C〉(惑星の)衛星(satellite,〈C〉《複数形で》(特に太陰暦の)ひと月,〈U〉月光(moonlight)
A100645,more,det,(数・量・程度などが)《～より》いっそう大きい,《しばしば数詞,,,
A100646,more,pron,《単数扱い》(～より)もっと多くの数(量),《複数扱い》《～よりも》もっと(さらに)多数の人(物)《than～》,,,
A100647,morning,n,〈C〉〈U〉朝,〈U〉《the~》(物事の)始まり,《名詞の前にのみ用いて》朝の,,
A100648,most,det,《the ~》(数・量・程度などが)最も多い,《theをつけないで》たいていの,,,
A100649,mother,n,〈C〉〈U〉母,〈C〉母親のような人,〈U〉《the ~》《～の》源(みなもと),,
A100650,mountain,n,山,《the～Mountains》～山脈,《a~》山(のような～),《a~》多数(の～),
A100651,mouse,n,ハツカネズミ(英米の家によく出没する小型のネズミ,ほが国の家に出没する大型のネズミはrat),《話》臆病者,,,
A100652,mouth,n,人・動物の物を食べたり,口に似た)開口部,(袋・びんなどの)口,,,
A100653,move,n,《単数形で》動き,措置,(チェス・チェッカーなどで)こまを動かすこと,,
A100654,movie,n,またmotion picture,《複数形で》映画館(《英》cinema),《複数形で》映画産業,,
A100655,Mr,n,[Mister],《成人男子の姓・姓名の前に付けて》～氏,《官職名・役職名の前に付けて》～殿,《電話で自分を名乗って》,《まれ》《自分の夫のことを他人に話すとき
A100656,Mrs,n,[Mistress],《既婚女性の姓・姓名の前に付けて》～夫人,《電話で自分を名乗って》,,
A100657,much,adv,《動詞・過去分詞を強めて》大いに,《形容詞・副詞の比較級・最上級を強めて》ずっと,《「同じ」の意味の語句を修飾して》たいてい,,
A100658,much,det,(量・程度などが)多くの,《否定を伴って》それほど,,,
A100659,much,pron,たくさん,《通例否定文の補語として》大した物(事),,,
A100660,mum,n,=mother(《米》mom),,,,
A100661,music,n,音楽,音楽作品,楽譜(musical score),美しい調べ,
A100662,musician,n,音楽家,《おもに英》作曲家,,,
A100663,must,modal auxiliary,《義務・必要》～ねばならない,《命令・強制》～ねばならない,～にちがいない,必ず～する,どうしても～しないと承知しない
A100664,my,det,私の,《親しみをこめた呼び掛けに用いて》,《驚きを表して》おや,,
A100665,name,n,〈C〉名前,《単数形で》名声,,,
A100666,nationality,n,〈U〉〈C〉国籍,〈C〉(人種・言語などが同じ)民族,〈U〉国家としての独立,,
A100667,near,prep,(空間的・時間的に)～に近く,(状態などが)～に近く,,,
A100668,neck,n,〈C〉(人間・動物の)首,首の骨,〈C〉(衣服の)えり,〈C〉首の形をした物,〈U〉〈C〉(食品としての)(羊などの)頚肉(けいにく,
A100669,need,modal auxiliary,《疑問文・否定文,《~ not have doneの形で》～する必要はなかったのに,,,
A100670,neighbor,n,〈C〉隣人,同胞,,,
A100671,never,adv,《文の否定》一度も～しない,《次に来る語句の否定》少しも～ない,《驚き》まさか,,
A100672,new,adj,その状態になってまだ時間がたっていなくて)新しい,《名詞の前にのみ用いて》新しく発見(発明)された,《名詞の前にのみ用いて》目新しい,《補語にのみ用いて》(人が)(～に)まだ慣れていない,《補語にのみ用いて》(人が)(～から)出てきたばかりの《+from+名》,《名詞の前にのみ用いて》まだ着た(使った)ことがない
A100673,news,n,(新しい)報道,(耳新しい)事件,《N-》(新聞名として)～新聞,,
A100674,newspaper,n,(また《話》paper)〈C〉新聞,〈C〉新聞社,〈U〉新聞印刷用紙(newsprint),,
A100675,nice,adj,(物事が)良い,(人が)親切な,十分満足のできる,,
A100676,night,n,〈C〉〈U〉夜,〈U〉(夜の)暗やみ,〈U〉《文》(精神的に)まっ暗な状態(時),〈C〉(特定の行事・目的に当てられる)晩,夜の
A100677,nine,number,〈C〉(数の)9,9の記号(9,〈U〉9時,〈U〉《複数扱い》9人,〈C〉9人(9個)一組のもの,野球チームのメンバー,〈C〉(カードゲームの)9の札
A100678,nineteen,number,〈C〉(数の)19,19の記号(19,〈U〉(24時間制で)19時,〈U〉《複数扱い》19人,〈U〉19人(19個)一組のもの,19の
A100679,ninety,number,〈U〉(数の)90,90の記号(90,〈U〉90歳,〈U〉《複数扱い》90人,《the nineties》(世紀の)90年代,(年齢の)90歳代,90の
A100680,no,adv,肯定の問いに対して)いいえ,(否定の問いに対して)はい,《[not],《形容詞の前に置その形容詞を否定して》～どころではない,《比較級の前に置いて》ちっとも～でない,《～ or no の形で》～であってもなくても
A100681,no,det,《名詞の前に置いて》一つも(一人も),《補語につけて》決して～でない,《省略文で》～なし,～お断り,《話》少ししか(あまり)～ない,
A100682,noise,n,〈C〉〈U〉(特に),〈C〉〈U〉(街・往来などの)ざわめき,〈C〉(一般に)物音,〈U〉(ラジオ・テレビなどの)ノイズ,～を広める
A100683,nose,n,鼻,《単数形で》(～に対する)嗅覚(きゅうかく)《+for+名》,(鼻のように)突起した部分,船首,《単数形で》(～を)かぎつける力《+for+名》,
A100684,not,adv,《助動詞,《語・句・節を否定して》～でなく,《不定詞・分詞・動名詞を否定して》～しない,《[all],《[any]
A100685,note,n,〈C〉覚え書き,注釈,短い手紙,紙幣,〈U〉注目
A100686,note,v,〈他〉を書き留める,に注意する,,,
A100687,notebook,n,ノート,筆記帳,,,
A100688,nothing,pron,何も～ない(not anything ),少しも～でない,〈C〉《単数形で》重用でないこと(人),〈U〉ゼロ,
A100689,November,n,〈U〉〈C〉11月,,,
A100690,now,adv,今,《rightを伴って》ただちに,さて,,
A100691,number,n,〈U〉〈C〉(数えて得られる)数,〈C〉(概念としての)数,〈C〉番号,〈C〉電話番号,
A100692,nurse,n,看護人,子守(dry nurse),乳母(うば)(wet nurse,,
A100693,o'clock,adv,《時間を表す数と共に》～時(じ),自分の位置を時計の文字盤の中央に置いて)～時の位置(方角)に,,,
A100694,October,n,〈U〉〈C〉10月,《形容詞的に》10月の,,,
A100695,of,prep,《所有・所属》～の,《材料・要素》～でできた,《部分》～の中の,《原因・動機》～で,《主格関係》～による
A100696,off,adj,外れた,季節外れの,休みの,中止になった,
A100697,office,n,〈C〉事務所,《集合的に》《単数扱い》事務所(営業所)の全員,〈C〉〈U〉(特に政府・会社などの)公職,〈C〉(一般に)任務,〈C〉官庁
A100698,officer,n,公務員,将校,商船の)高級船員,船長(master),警官,
A100699,often,adv,しばしば,何度,〜することが多い,,
A100700,OK,adj,《～にとって》よろしい([all right])《with ～》,[okay],,,
A100701,okay,adv,うまく,[OK],,,
A100702,old,adj,年とった,年上の,ある年月(年齢)の,(物事が)古い,《名詞の前にのみ用いて》昔なじみの
A100703,Olympics,n,《The》(現代の)国際オリンピック大会,(古代ギリシャの)オリンピア競技,,,
A100704,on,prep,《位置・場所》～の上に,《運動・動作の方向・対象》～に向かって,《特定の日時》～に,《状態》～して,～について
A100705,once,adv,(ただ)1度,かつて,《否定文で》一度も(～しない),《条件節で》いったん～すれば,1度,
A100706,one,det,1個の,《時を表す名詞と共に》ある～,《人名に付けて》～という[名の]人,同一の,《theまたは所有格を付けて》たった一つの
A100707,one,number,1つ,数字の)1,1の記号(1),,,
A100708,only,adj,唯一の,最適の,,,
A100709,only,adv,《数量に関して》たった,《他を排除して》～だけ,《名詞の後で》～に限る, ～専用,ただ～だけ,《通例[can]
A100710,open,adj,開いた,公開された,率直な,無遮蔽の,広々とした
A100711,open,v,～を開く,～を切り開いて作る,,～を広げる《+up+(out)+名》,～を始める,～を開業する
A100712,opera,n,オペラ,歌劇,,,
A100713,or,conj,,《等位接続詞》《選択を表し》,《否定文で》～も～もない,《命令的表現の後で》さもないと,《前出の語を言い換えたり説明したりして》すなわち,
A100714,orange,adj,オレンジ色の,オレンジからできた,,,
A100715,orange,n,〈C〉オレンジ,柑橘(かんきつ)類,,,
A100716,order,n,〈C〉命令,〈U〉(物事の)順序,秩序,整頓された状態,物事の)調子
A100717,other,det,《no,《other thanの形で補語に用いて》～とは違った,《other thanの形で》(～と)別の方法では,,
A100718,our,det,我々の,《社説・評論などでmyの代りに用いて》我々の,《話題の人を指して》例の,《君主が公式の場でmyの代りに用いて》我が,
A100719,ours,pron,私たちのもの,《～of oursの形で》私たちの,,,
A100720,out,adv,(ある位置・状態から)外へ,(隠れた所から表面に)現れ出て,無くなって,最後まで,
A100721,outside,adv,外側に,～を外に(で),,,
A100722,over,prep,～を越えた向こうに,《数詞を伴って》～以上に,～の一面に,～について,～しながら
A100723,own,adj,自分自身の,それ自身の,特有の,,
A100724,owner,n,持ち主,所有者,,,
A100725,P.M.,adv,午後(ラテン語post meridiem(after noon)の略,数字の後につける,,,
A100726,page,n,〈C〉(本・手紙・新聞などの)ページ,(新聞などの)欄,《文》注目すべき事件(時期),,
A100727,paint,n,〈U〉ペンキ,〈U〉〈C〉(油性・水性の)絵の具(チューブ入りおよび水に溶かす前の固型状のもの,〈U〉《しばしば軽べつして》(化粧品の)口紅,,
A100728,paint,v,～を絵の具でかく,～‘に'ペンキ(塗料)を塗る,～を言葉で描き出す,(薬・化粧品などを)〈傷口・顔など〉‘に'塗る《+名+with+名》,〈人が〉ペンキ(塗料)を塗る
A100729,painting,n,〈U〉絵をかくこと,画法,《集合的に》絵画,〈C〉(1枚の)絵,〈U〉ペンキ塗り,,
A100730,pair,n,(二つで一つに用いられる物の)組,(対になる部分からなる物の)1個《+of+名》,《集合的に》《複数扱い》夫婦,《集合的に》《複数扱い》(同種または何かの関係のある物の)二人(二つ,
A100731,palace,n,宮殿,大邸宅,《the ~》《集合的に》《英》王宮の有力者たち,,
A100732,pants,n,《米》ズボン(trousers),《おもに》パンツ(underpants),(婦人・小供用の)パンティー,,,
A100733,paper,n,〈U〉紙,〈C〉(1枚の)紙,〈C〉論文,〈C〉試験問題[用紙],答案[用紙],〈C〉《話》新聞(newspaper)
A100734,paragraph,n,(文章の一つの)区切り,(新聞などの)小記事,段落記号,,
A100735,pardon,n,〈U〉〈C〉(～を)許すこと,〈C〉恩赦,=indulgence,,
A100736,parent,n,〈C〉親,《複数形で》両親,,,
A100737,park,n,(町の中の)公園,自然公園,《米》(観覧席などで囲まれた)競技場,《英》サッカー場,《英》(貴族や大地主の邸宅の)広大な敷地,=parking lot
A100738,partner,n,(いっしょに活動する)相手,共同経営者,(二人以上が組んで敵に対するゲーム・競技の)味方,(ダンスの)相手,夫または妻
A100739,party,n,〈C〉パーティー,社交的な集まり,一団,政党,関係者
A100740,past,adv,過ぎて,通り越して,,,
A100741,past,prep,(場所)を通り越して,時刻)を過ぎて,(年齢)を過ぎて,(能力・限度など)を越えて,(ある数・量)を越えて,
A100742,pay,n,支払い,(特に)賃金,(～の)雇用,有料の,,
A100743,pay,v,〈金・税金・負債など〉を支払う,～‘に'支払う,(収益・利潤として)〈物事が〉～をもたらす,〈物事が〉～‘の'利益になる,〈注意・敬意など〉を払う,〈あいさつ・訪問など〉をする,～の)支払い(償い)をする《+for+名(doing)》
A100744,peace,n,〈U〉平和,《しばしばP-》講和,《通例the ~》(社会の)治安,静けさ,
A100745,pen,n,〈C〉(インクを用いる筆記具全体をさして)ペン,〈U〉《the~》文筆,,,
A100746,pencil,n,〈C〉〈U〉鉛筆,〈C〉鉛筆状のもの,,,
A100747,people,n,〈U〉《複数扱い》(一般に)人々,《複数扱い》世間の人,《複数扱い》(国家・自治体の)住民,〈C〉国民,
A100748,period,n,〈C〉(あることが続く)期間,(歴史的な)時代,(試合の)一区切り,《おもに米》ピリオド,
A100749,person,n,(性別・年齢に関係なく)人,(人間の)体,《単数形で》容姿,(文法で)人称,
A100750,personal,adj,一個人の,自分自身で行う,身体の,,
A100751,pet,n,〈C〉愛玩動物,《単数形で》お気に入りの人(物),,,
A100752,phone,n,〈U〉〈C〉電話,〈C〉電話機,,,
A100753,phone,v,〈他〉に電話をかける,〈自〉電話する,,,
A100754,photo,n,〈C〉《くだけて》写真,,,,
A100755,piano,n,〈C〉ピアノ,〈U〉ピアノを弾くこと,ピアノ演奏,,
A100756,pick,v,〈他〉を選ぶ,を摘む,つまみとる〈自〉つつく,精選する,
A100757,picnic,n,ピクニック,《話》《通例否定文で単数形で用いて》楽な仕事,,,
A100758,picture,n,〈C〉絵,〈C〉写真,〈C〉映画,《the pictures》《おもに英》(興行としての)映画,〈C〉生き生きとした叙述(描写),〈C〉《単数形で》絵のように美しい人(物)
A100759,piece,n,〈C〉(全体から分離した)部分,《～の》～個,,,
A100760,pig,n,〈C〉ブタ,,,,
A100761,pink,adj,桃色の,左翼的な,,,
A100762,pizza,n,ピッツァ,ピザ(チーズ・トマトなどをパイ皮にのせて焼いた料理),,,
A100763,place,n,〈C〉場所,地域,地位,職,
A100764,plan,n,計画,設計図,,,
A100765,plane,n,〈C〉平面,水準,《話》飛行機,【動,自】〈飛行機が〉滑空する
A100766,play,n,遊び,演劇,劇,遊戯,競技
A100767,play,v,〈他〉を競技する,ゲームなど)をする,を演奏する,を演じる〈自〉遊ぶ,
A100768,player,n,競技者,俳優,演奏者,演奏装置,
A100769,pleasure,n,《～の》喜び,〈C〉うれしいこと,〈U〉〈C〉(とくに肉体的)快楽,〈U〉《所有格の次に用いて》(～の)意志,
A100770,pocket,n,(洋服の)ポケット,ポケットに似た物,所持金,資力,異質の物に囲まれた)(～の)小地域,ポケット(プール式ビリヤードで四隅と横に設けた玉の落ちる穴)
A100771,poem,n,(1編の)詩,詩的な文,詩情豊かな物,,
A100772,point,n,〈C〉主張,《物語・議論などの》要点,先端,(ある特定の)地点,計器の目盛りなどの)点
A100773,pollution,n,〈U〉《～を》汚すこと,汚染物質,,,
A100774,pool,n,〈C〉(特に),《水以外の液体の》たまり 《of ～》,水泳プール,,
A100775,poor,adj,貧乏な,貧相な,(一定規準よりも)劣る,《名詞の前にのみ用いて》哀れな,《名詞の前にのみ用いて》故人となった
A100776,pop,n,〈U〉ポピュラー音楽,〈C〉ポップソング,,,
A100777,post,n,〈U〉《英》郵便,《英》(郵便物の1回の)集配,《the ~》《英》郵便局([~ office|post office],郵便箱,
A100778,poster,n,ポスター,びら,,,
A100779,potato,n,〈C〉〈U〉ジャガイモ,(またpotato plant)〈C〉ジャガイモをつける植物,〈C〉〈U〉《おもに米》サツマイモ(sweet potato),,
A100780,practice,n,〈U〉(絶えず繰り返す)練習,(理論に対して)《～の》実行,〈C〉《～の》習慣,,
A100781,practice,v,～を練習する,(習慣的に)～を実行する,〈弁護士・医師〉を開業する,《～を》練習する,《弁護士・医者として》開業する
A100782,pray,v,(神に～を)祈る《to+名〈神〉+for+名》,《話》(物事を)心から望む《+for+名》,〈神〉‘に'祈願する,《pray+that節》～であることを心から望む,《文》～を懇願する
A100783,present,n,〈C〉贈り物,〈U〉《the》ささげ銃(つつ)の姿勢,,,
A100784,pretty,adj,(女・子供などが)きれいな,(目・耳・心に)快い,《話》(数量・規模・範囲などが)かなり大きい,,
A100785,price,n,値段,代価,,,
A100786,prince,n,王子,(英国以外の)公爵,(封建時代の)諸侯,(小国の)王,《文》(～の)王者
A100787,princess,n,王女,英国以外の)公爵夫人(《英》duchess),王妃,,
A100788,problem,n,〈C〉問題,《単数形で》《話》《～にとって》やっかいな人《to ～》,,,
A100789,program,n,催し物,番組,(行動の)計画,手順,学校の)教科課程[表]
A100790,purple,n,〈U〉紫色,〈U〉(特に),《the ~》王位,,
A100791,push,v,〈他〉(動かすために)～を押す,〈提案・要求など〉を押し進める,〈人〉に押しつける,〈自〉押す,
A100792,put,v,《副詞を伴って》(ある場所・位置に)～を置く,《状態を表す副詞を伴って》(ある状態に)～を置く,《仕事・任務・目的などに》～を向ける,,《物事に》〈解釈・価値など〉を与える《on》,《～に》〈考えなど〉を表現する
A100793,quarter,n,〈C〉《～の》4分の1《of ～》,(時間の)15分,《複数形で》寝泊まりする場所,,
A100794,question,n,〈C〉質問,(討論・考慮すべき)問題,〈U〉疑問,,
A100795,quickly,adv,速く,すぐに,すみやかに,機敏に,ただちに
A100796,quiet,adj,静かな,音を出さない(立てない),動きのない,平穏な,色などが)落ち着いた
A100797,rabbit,n,〈C〉ウサギ,《米》(一般にhareも含めて)ウサギ,〈U〉ウサギの毛皮(肉),〈C〉《英話》(ゴルフ・クリケット),ウサギを狩る,
A100798,radio,n,ラジオ[放送],〈C〉ラジオ[受信機],〈U〉無線電信,〈C〉無線による通信,ラジオの,無電(無線)の
A100799,rain,n,〈U〉〈C〉雨,《the rains》(熱帯地方などの)雨期,〈C〉《比喩(ひゆ)的に》《a ~》(～の)雨《+of+名〈複数〉》,,
A100800,rain,v,《通例itを主語にして》雨が降る,雨のように降る,～に)～を雨のように降らす《+名+on(upon)+名》,,
A100801,rainy,adj,雨の,雨にぬれた,雨模様の,,,
A100802,rat,n,ネズミ,ひきょう者,ネズミをつかまえる,《話》,
A100803,'re,be-verb,[are]の短縮形,,,,
A100804,read,v,〈他〉を読む,を読み上げる,〈事〉を読んで知る,〈隠れた意味など〉を読み取る,〈自〉本を読む
A100805,reader,n,読者,読書家,(学校用の)読本,(特に英国の大学の)講師,
A100806,reading,n,〈U〉読書,〈U〉(読書によって得た)知識,〈U〉朗読,〈C〉朗読会,〈U〉読みもの,《複数形で》(～の)選集,〈C〉(劇の役・楽曲・文章などの)解釈《+of+名》
A100807,ready,adj,用意のできた,即座の,《be ~ to do》～しがちで,(叙述))(人が)〈～を〉早く欲しがって，しきりに求めて〈for〉,
A100808,real,adj,(想像でなく)現実の,(まがいものでなく)本物の,不動産の,,
A100809,real,adv,ほんとうに,とても,,,
A100810,really,adv,実際に,本当に,《間投詞的に》そうですか,,
A100811,reason,n,〈C〉〈U〉理由,〈U〉理性,,,
A100812,red,adj,赤い,(顔・目などが)赤くなった,血に染った,赤い服を着た,赤毛の,《しばしばR-》《話》《軽べつして》共産主義の,過激な,
A100813,remember,v,〈他〉を思い出す,を覚えている,《~ to do》忘れずに～する,(記念として)に贈り物をする,《話》《BにAから》よろしくと伝言する 《~ A to B》
A100814,repeat,v,(〈自分がすでに一度言ったこと)を繰り返して言う〉〈〈他人の言ったこと〉をおうむ返しに言う,～を他の人に繰り返して言う,～を暗記して言う,～を繰り返して行う(do again),食べたあとで)〈食物の〉味が残る
A100815,reporter,n,報告者,報道員,判決記録係,,
A100816,restaurant,n,レストラン料理店,(大ホテル・劇場などの)食堂,,,
A100817,result,n,〈U〉〈C〉結果,《複数形で》(試験・競技などの)成績,,,
A100818,review,n,〈C〉《～の》再調査,〈U〉〈C〉回顧,〈C〉批評,〈C〉観兵式,
A100819,ribbon,n,〈C〉(装飾・包装などに用いる)リボン,リボン状の物,《複数形で》細かく裂けた物,,
A100820,rice,n,米(欧米ではプディングやケーキの原料にも用いる),イネ(稲),,,
A100821,rich,adj,金持ちの,ぜいたくな,豊かな,濃い,《話》非常におもしろい
A100822,ride,n,(馬・乗物などに)乗ること,,,,
A100823,ride,v,《～に》乗って行く,〈乗り物など〉に乗って行く,,,
A100824,right,adj,右の,(政治上)右派の,(道徳的に)正しい,(人の判断・意見などが)間偉いのない,事実に合って)正確な
A100825,right,adv,《話》まっすぐに,《話》きっかり,《米話》すぐに,,
A100826,ring,v,〈自〉〈鐘・ベルなどが〉鳴る,〈他〉〈鐘・ベルなど〉を鳴らす,〈人〉を(鐘などを)鳴らして呼ぶ,,
A100827,river,n,川,(水以外のものの)流れ,,,
A100828,role,n,(役者が演じる)役,(一般に)役割,,,
A100829,room,n,〈C〉部屋,〈U〉(人・物の占める)場所,〈U〉(,事を)受け人れる余地《+for+名(doing》,《the room》《集合的に》部屋にいる人々,〈C〉《複数形で》(一部屋または数部屋ある)貨し間
A100830,rose,n,〈C〉バラの花,バラの木,〈U〉バラ色,,
A100831,row,n,〈C〉《人や物の》(特にまっすぐな)列,(劇場・教室などの)座席の列,(両側に建物の並んだ)通り,,
A100832,rude,adj,(人・人の行為が)失礼な,《名詞の前にのみ用いて》大ざっぱに作った,《名詞の前にのみ用いて》荒々しい,未開の,《名詞の前にのみ用いて》未加工の
A100833,rule,n,〈C〉規則,〈C〉慣例,〈U〉支配,〈C〉ものさし,
A100834,ruler,n,支配者,定規,,,
A100835,run,n,走ること,競走,運営,試み,続行
A100836,run,v,走る,〈人が〉(～に)急ぐ,さっと逃げる,急いで(とょっと)出かける(尋ねる,〈乗り物が〉走る
A100837,'s,be-verb,[has],[is],[us],(疑問詞のあとの)[does]の短縮形,
A100838,sad,adj,(人が)悲しい,表情などが)悲しそうな,(物事が)悲しむ,べき,《名試の前にのみ用いて》ひどい,色が)くすんだ
A100839,sailor,n,水夫,(海軍士官に対して)水兵,《形容詞を伴って》船に～な人,,
A100840,salad,n,〈U〉UC〉サラダ,〈U〉(レタスなどの)サラダ菜,,,
A100841,sale,n,〈U〉〈C〉(～の)販売,〈C〉特売,《複数形で》販売[の仕事],売り上げ[高],,
A100842,same,adj,《the ~》同じ,,《～と》同一の《as節》,that節,wh-節》,
A100843,same,adv,同じく,同様に,同一の状態で,まったく同じように,
A100844,same,pron,同じく,同一の,同様の,同一人物,同一物
A100845,sandwich,n,サンドイッチ,サンドイッチのようにはさまれた物,(～の間に)～をはさむ,,
A100846,Saturday,n,土曜日(Saturn's dayの意),《略》Sat.,,,
A100847,save,v,〈他〉(危害・損失・危機などから)を救う,金など)を残しておく,を節約する,を安全に保つ,〈自〉《～のために》貯金する《up for ～》
A100848,saw,v,seeの過去,,,,
A100849,say,v,《直接話法で》「～」と言う,《人に》「～」と言う《to 〈人〉》,(意見として)～を言う,〈時計などが〉〈時刻など〉を示している,〈本・新聞などが〉～と言っている,言う,
A100850,school,n,〈C〉(施設としての)学校,(大学の)学部,校舎,(学問・芸術などの)派,〈U〉《冠詞をつけないで》授業
A100851,science,n,〈U〉科学,(特に)自然科学,〈C〉(個々の)科学,〈U〉〈C〉(修練を要する)技術,,
A100852,scientist,n,科学者,自然科学者,,,
A100853,sea,n,〈U〉海,〖形容詞的に〗海の,～海,波,海岸
A100854,seat,n,腰掛け,座席,腰掛けの)腰をおろす部分,(体・ズボン・パンツの)しりの部分,(権威の)座,～の)予約席《+for+名》
A100855,second,adj,《通例the~》第2の,《A ~ +名で》もう一つの,一級(最上)のものに次ぐ,(自動車の変速機の)第2速の,低音(声)部の
A100856,section,n,〈C〉(全体を構成する個々の)部分,(内部構造を示す)断面図,〈U〉切断すること,,
A100857,see,v,が見える,名所など〉を見物する,を理解する,見える,理解する
A100858,self,n,(他人と区別して)自己,〈C〉(人・物の)本質,〈U〉私利,同じ材料でできた,
A100859,sell,v,〈他〉を売る,を販売する,,,
A100860,sentence,n,文章,判決,,,
A100861,September,n,9月(英米では学校の新学年の始まる月),Sept.,,,
A100862,set,v,〈他〉(ある場所に)～を置く,《～に》～をつける《to ～》,(課題・模範として)～を課す,を向ける,《～に》～を配置する《at
A100863,seven,number,〈C〉(数の)7,7の記号(7,〈U〉7時,〈C〉(カードの)7の札,〈C〉七つ(7人),〈U〉《複数扱い》7人
A100864,seventeen,number,〈C〉(数の)17,〈U〉(24時間制の)17時,17分,17歳,〈U〉《複数扱い》17人,17の,《補語にのみ用いて》17歳の(で)
A100865,seventy,number,〈C〉(数の)70,〈U〉70歳,〈U〉《複数扱い》70人,《the seventies》(世紀の)70年代,《one's seventies》(年齢の)70代,70の
A100866,shake,n,〈C〉揺ること,揺れ,震え,《the shakes》《話》(熱・寒けによる)身震い,,,
A100867,share,v,〈他〉を共にする〈自〉《～の》分配にあずかる《 in ～》,,,,
A100868,she,pron,彼女は,《月・船・汽車・都市・国などを指して》それは,女,,
A100869,sheep,n,羊,気の弱い人,,,
A100870,shelf,n,たな,がけの)岩だな,(海・川の)砂州,,,
A100871,ship,n,(おもに大洋を航行する)船,(船の)乗組員,《話》飛行機,シップ型帆船,
A100872,shirt,n,(えり付きの男物)シャツ,《米》(下着の)シャツ,,,
A100873,shoe,n,靴,《英》短靴,靴形の物,(馬の)てい鉄(horseshoe),(杖・棒の)石突き,(自動車の)タイヤの外包み,(ブレーキの )輪止め,(そりの)すべり金,,,
A100874,shop,n,〈C〉《おもに英》小売店,《米》(百貨店などの中にある)小さい専門店,〈C〉(サービス業の)店,〈C〉仕事場,
A100875,shopping,n,買物・買物の,買物のための,,,
A100876,short,adj,(長さ・時間・距離などが)短い,目標(標準)に達しない・(文などが)簡潔な,(詩の行の母音が)強勢のない,,
A100877,short,adv,急に,突然,,,
A100878,should,modal auxiliary,～すべきである,～のはずである,《~ have 過去分詞》～すべきだったのに, ～してしまっているはずだ,《疑問詞とともに用いて》いったい～かしら,《現在または未来に反する仮定に対して》～だろうに
A100879,shoulder,n,肩,《複数形で》(両肩を含む)上背部,《複数形で》(責任・重荷を負う)双肩,肩に似た部分,(服の)肩[の部分],山などの)肩
A100880,show,v,〈物・姿・感情など〉を見せる,～を示して教える,～を明らかにする,《副詞[句]を伴って》〈人〉を案内する,～を展示する,〈映画
A100881,shower,n,《しばしば複数形で》にわか雨,涙,弾丸,祝福,批判などの)雨
A100882,shy,adj,(人が)恥ずかしがり屋の,(動物が)おく病な,《補語にのみ用いて》(～を)用心する,《補語にのみ用いて》《米語》(～が)足りない,
A100883,sick,adj,(人が)病気の,《補語にのみ用いて》《～に》うんざりして,,《補語にのみ用いて》《～に》がっかりして《at》,,
A100884,side,n,〈C〉(物体の)面,(物体の)側面,(中心線・分離線から見た)片側,(中心部分から見て)～側,《単数形で》(人の)そば
A100885,sight,n,〈U〉視力,〈U〉《時にa ~》(～を)見ること《+of+名》,〈U〉見える範囲,〈C〉景色,《the sights》名所
A100886,sign,n,(ある事実・状態・感情などの)表れ,標識,(数学・音楽などの)記号,(～の)象徴,《文》(～の)前兆
A100887,sing,v,歌う,(～に)歌って聞かせる《+to(for)+名》,(楽器に合わせて)歌う《+to+名》,〈小鳥〉〈虫などが〉鳴く,《文》(～を)詩(歌)にする,〈小川
A100888,singer,n,歌う人,(特に本職の)歌手,,,
A100889,sir,n,《時にS-》《冠詞なしで》《男性の目上の人・見知らぬ人・店の客・上官・先生・議長などに対する敬った丁寧な呼び掛け語として》あなた,《S-》〈U〉サー,《しばしばS-》〈C〉《手紙の書き出しのあいさつに用いて》拝啓,,
A100890,sister,n,父母,姉妹のように)親しい女の友(仲間),(教会・クラブなどの)婦人会員,(カトリック教会の)修道女,《英》看護婦長
A100891,sit,v,〈自〉《～に》座る,《場所の副詞を伴って》(ある場所に)位置する,,,
A100892,site,n,【名】(特別な目的を持って使用される)土地,(重大な出来事が起こった)場所,,,
A100893,six,number,〈C〉(数の)6,6の記号(6,〈U〉6時,《複数扱い》6人,〈C〉六つ(6人),〈C〉(カード・さいころなどの)6の札(目)
A100894,sixteen,number,〈C〉(数の)16,16の記号(16,〈U〉(24時間制の)16時,《複数扱い》16人,16の,《補語にのみ用いて》16歳の(で)
A100895,sixty,number,〈C〉(数の)60,60の記号(60,〈U〉60歳,《複数扱い》60人,《the sixties》(世紀の)60年代,《one's sixties》(年齢の)60代,60の
A100896,size,n,〈U〉〈C〉(人や物の)大きさ,〈C〉(帽子・靴・シャツなどの)サイズ,,,
A100897,skill,n,〈U〉(～の)熟練,〈C〉特殊技術,,,
A100898,skirt,n,(女性用の)スカート,(コート・ドレスなどの腰から下の)すそ,(車両・機械などの)すそ部,《複数形で》(～の)周辺,《俗》女
A100899,sky,n,空,《しばしば複数形で》空模様,《しばしば複数形で》天国,〈ボール〉を高く打ち上げる,
A100900,sleep,v,眠る,永眠する,〈人〉を泊める[設備がある],《a+形容詞+sleepを目的語にして》～を眠る,
A100901,slow,adj,(速度・動作などが)遅い,《補語または名詞の後にのみ用いて》(時計などが)遅れている,ゆったりした,(人が)理解の遅い,生活・パーティーなどが)活気のない
A100902,small,adj,(大きさが)小さい,取るに足りない,《名詞の前にのみ用いて》(仕事・活動などが)小規模の,心が狭い,音・声が)弱い
A100903,smart,adj,(頭の働きが)気のきいた,(動作が)機敏な,現代風の,(人・服装などが)きちんとした,
A100904,smell,n,〈U〉嗅覚(きゅうかく),〈C〉(～の)におい《+of+名(doing)》,《形容詞句を伴なって》悪臭,〈C〉《a smell》(～を)かぐこと《+at(of)+名》,,
A100905,smile,n,〈C〉ほほえみ,太陽・幸運・運命などの)ほほえみ,,,
A100906,smith,n,かじ屋,金属細工人,製造(製作)人,,,
A100907,smoke,n,〈U〉煙,霧 〈C〉喫煙,,,
A100908,smoking,n,煙ること,喫煙,,,
A100909,snake,n,ヘビ(蛇),(蛇のように)ずるく陰険な人,へび(配水管などの詰まった物を取り除く道具),,
A100910,snow,n,〈U〉雪,〈C〉《単数形で》降雪,《複数形で》積雪,〈U〉〈C〉雪のような物,(特に)コカイン,,
A100911,snowy,adj,雪の,雪におおわれた,雪のように白い,,
A100912,so,conj,《等位接続詞》《理由・結果を表して》だから,《つなぎ表現》《文・節の頭に用いて》それで,(前言などから推論できる結論を述べて)ということは,《話》(他人に行為などを非難されて)確かに～だが,《話題転換》さて
A100913,soccer,n,サッカー,,,,
A100914,social,adj,社会の,社交界の,《名詞の前にのみ用いて》社交の,(アリ・ハチなどが)群居する,親睦(しんぼく)会
A100915,sofa,n,長いす,ソファー,,,
A100916,solve,v,〈問題など〉を解く,解明する,解決する,,
A100917,some,det,《複数名詞または数えられない名詞を伴って》いくらかの,《複数名詞または数えられない名詞を伴って》一部の,《単数普通名詞を伴って》ある～,《数詞を伴って》約～,《数量を表す名詞を伴って》相当多い
A100918,some,pron,いくらか,ある人たち,,,
A100919,someone,pron,｟かたく｠誰か,ある人,,,
A100920,something,pron,何か,(～を)いくらか,重要なこと(もの),何か現実のもの,実在するもの,何か食べ物(飲み物)
A100921,son,n,息子,《複数形で》(男子の)子孫,《文》《比喩(ひゆ)的に》(場所,(主義などの)子,《年長者が年少者に呼び掛けて》
A100922,song,n,〈C〉歌,〈C〉〈U〉(歌うための)詩,〈U〉歌うこと,〈U〉〈C〉(鳥・小川などの)歌うような声(音,
A100923,soon,adv,間もなく,早く,速やかに,,
A100924,sorry,adj,《補語にのみ用いて》悲しいと思う,《名詞の前にのみ用いて》くだらない,《名詞の前にのみ用いて》哀れな,《丁重な断り・謝罪・弁解の表現として》すみませんが,《おもに英》《よく聞きとれなかったときに用いて》おそれいりますが[もう一度]
A100925,soup,n,〈U〉スープ,濃霧,,,
A100926,speak,v,話す,話をする,演説する,〈物事が〉表す,〈楽器・大砲などが〉音を出す
A100927,special,adj,特別な,(他と異なって)特殊な,(人・物事に)独特の,,
A100928,speech,n,〈U〉話す力,話す能力・〈U〉話すこと,言葉・〈C〉演説,話,スピーチ・〈U〉(人の)話し方・〈C〉〈U〉(特定の)言語
A100929,spell,n,〈C〉しばらくの間,(ある天気の)ひと続き,(病気などの)ひとしきり ,ひと仕事,
A100930,spend,v,消費する、(時を)過ごす,,,,
A100931,sport,n,〈U〉《集合的に》スポーツ,〈C〉(個々の)スポーツ,《複数形で》《英》運動会,〈U〉気晴らし,〈C〉《話》スポーツマンらしい人
A100932,spot,n,場所,斑点,,,
A100933,spring,n,〈C〉〈U〉春,〈C〉跳ぶこと,バネ,《複数形で》泉,〈U〉《～の》弾力 《of
A100934,spy,n,〈C〉スパイ,探偵,,,
A100935,stage,n,〈C〉舞台,(発達などの)段階,,,
A100936,stand,n,〈C〉立つこと,台,売店,観覧席,
A100937,star,n,星,恒星,,,
A100938,start,n,始め,開始,,,
A100939,start,v,始める,出発する,,,
A100940,station,n,〈C〉(人・物の定められた)場所,〈C〉駅,〈C〉(官庁などの)署,〈C〉(テレビ・ラジオの)放送局,〈C〉事業所
A100941,stay,v,〈自〉《副詞を伴って》とどまる,《～に》滞在する,じっとしている,《~ ～(名,
A100942,step,v,〈自〉《方向を表す副詞[句]を伴って》(～の方へ)歩む,一歩踏み出す,行く,,
A100943,still,adj,静止した,静かな,,,
A100944,stone,n,〈U〉(物質としての)石,〈C〉小石,〈C〉《複合語を作って》(特定の目的に用いる)石材,=precious stone,〈C〉(形・堅さが)石に似たもの(あられなど)
A100945,stop,n,停止,中止,ストップ,,
A100946,stop,v,〈動いているもの〉を止める,〈供給など〉を停止する,～を阻止する,〈自分がしていること〉をやめる,〈穴・口など〉をふさぐ
A100947,store,n,店舗,貯蔵,格納,店,
A100948,story,n,〈C〉(事実に基づいた)話,(架空の)物語,〈U〉(小説),,
A100949,straight,adv,(比較変化なし)まっすぐに,直立して,直ちに,率直に,
A100950,strange,adj,奇妙な,見慣れない,不慣れな,,
A100951,street,n,〈C〉(両側に歩道と建物のある)街路,～街,,,
A100952,strict,adj,(人が)厳しい,〈規則などが〉厳しい,厳密な,,
A100953,strong,adj,(身体的に)力の強い,(身体が)じょうぶな,勢力(権力)のある,(物が)がんじょうな,精神的・道徳的に)強い
A100954,student,n,学生,(～の)研究者,,,
A100955,study,v,〈他〉を勉強する,を注意してよく見る,を調査する,〈自〉勉強する,
A100956,subject,n,(思考・議論・研究などの)主題,科目,(文法で)主語,,
A100957,subway,n,《米》地下鉄(《英》underground),地下道(underpass),,,
A100958,successful,adj,成功した,順調な,,,
A100959,sugar,n,〈U〉砂糖,《話》(恋人に対して呼び掛けて)ねえ,,,
A100960,suggestion,n,提案、忠告,示唆,,,
A100961,sum,n,〈C〉《the》(数・量の)合計,《形容詞をつけて》《～の》額《of ～》,,,
A100962,summer,n,〈U〉〈C〉夏,《the~》《文》盛り,《複数形で》《文》年齢,夏の,
A100963,sun,n,《the~》太陽,〈U〉《the~》日光,〈C〉恒星,,
A100964,Sunday,n,日曜日(キリスト教の安息日で週の第1日),《略》Sun.,,,
A100965,sunny,adj,天候・場所などが)日のよくさす(当たる),雲のない,(物事が)明るい,,
A100966,sunshine,n,日光,日なた,(物事の)明るさ,,
A100967,super,adj,《くだけて》素晴らしい,最高の,,,
A100968,supermarket,n,スーパーマーケット(食料品や家庭用品などを売るセルフサービス式の大型小売店),,,,
A100969,sure,adj,《補語にのみ用いて》(人が)確信して,《補語にのみ用いて》(物事が)確実な,(修事が)確固とした,(人が)信頼のおける,
A100970,surf,n,〈U〉寄せる波,,,,
A100971,surprise,n,〈U〉驚き,〈C〉驚くべき物(事),〈U〉不意打ち,,
A100972,survey,n,〈C〉〈U〉《～の》(詳細な)調査《of ～》,〈C〉《～を》見渡すこと《of ～》,,,
A100973,sweet,adj,(砂糖のように)甘い,砂糖の入った,心地よい,新鮮な,(性質などが)人好きのする,酒が)甘口の
A100974,swim,n,泳ぎ,泳ぐこと,,,
A100975,swim,v,泳ぐ,(水上・空中などに)浮かぶ,(水などの液体で)いっぱいになる,〈物ず〉ぐるぐる回るように見える,〈頭などが〉くらくらする,〈河など〉を泳いで渡る
A100976,swimming,n,〈U〉水泳,〈C〉めまい,,,
A100977,swimming pool,n,水泳プール,,,,
A100978,table,n,〈C〉テーブル,〈U〉《時にa~》食べ物,《集合的に》テーブルを囲む人々,〈C〉(文字・数字),=tableland
A100979,take,v,〈他〉を取る,《～から》を取り上げる《from ～》,を受け取る,を持って行く,〈時間など〉を必要とする
A100980,talk,v,話す,(考えなどを伝えるために)《〈人〉と〈事〉について》語る,うわさ話をする,秘密をもらす,(言語以外の方法で)話す,～をことを話す
A100981,tall,adj,(背の)高い,《補語にのみ用いて》背たけ(高さ)が～の,《話》(話などが)大げさな,(程度・量が)法外な,
A100982,taxi,n,タクシー(taxicabの略),,,,
A100983,tea,n,〈U〉茶,〈U〉(乾燥した)茶の葉,茶の木,〈U〉茶に似た飲料,〈C〉〈U〉午後のお茶,〈C〉〈U〉お茶の会(午後の軽食を出すパーティー)
A100984,teach,v,〈物事・学科など〉を教える,(～で)教師をする,,,
A100985,teacher,n,先生,教える人,教師,,
A100986,team,n,(スポーツの)チーム,(共に仕事などをする)一団,(荷車を引く2頭以上の牛馬などの)一組,,
A100987,technology,n,科学技術,専門用語,,,
A100988,telephone,n,〈C〉電話機,〈U〉電話(《話》phone),,,
A100989,television,n,〈U〉テレビ放送(《略》TV),(また television set)〈C〉テレビ[受像機],〈U〉テレビ産業,テレビ放送技術,,
A100990,tell,v,～を話す,《tell+名〈人〉+to do》(～するように)〈人〉‘に'命じる,～を見分ける,～‘が'分かる,～を表す
A100991,temple,n,古代ギリシア・ローマ・エジプトなどの)神殿,(ヒンズー教・仏教などの)寺院,(ユダヤ教・モルモン教などの)神殿,,,
A100992,ten,number,〈C〉(数の)10,〈U〉10時,〈U〉《複数扱い》10人,〈C〉10(10人),〈C〉(カードケームの)10の札
A100993,tennis,n,テニス,庭球,,,
A100994,terrible,adj,恐ろしい,ひどい,《話》ひどく悪い,,
A100995,test,n,〈C〉(人の能力などの)試験,《物事の》試験 《of ～》,化学分析,,
A100996,than,conj,《比較級の後に用いて》～よりも,《関係代名詞的に用いて》～よりも,,,
A100997,than,prep,《比較級の後に用いて》～より,～に比べて,,,
A100998,thank,v,(～のことで)〈人〉‘に'感謝する,礼を言う《+名+for+名(doing)》,,,
A100999,thanks,n,ありがとう,～に対する)感謝の言葉(,気持ち)《+for+名〈物・事〉》,,,
A101000,that,conj,《名詞節を導いて》～ということ,《it is(was)～that～の強調構文に用いられて》～のは～,《原因・理由・判断の根拠を表す節》～だから,《目的・意図を表す節》～するように,《so(such)と相関して結果を表す節》(とても)～なので
A101001,that,det,あの～,《this と対照的・相関的に用い,《関係詞の先行詞の前に付いて》(～する)あの,,
A101002,that,pron,《人・物・事・時などを指して,《前に述べた語・句・節を繰り返すことを避けて》(～の)それ,《後に述べる語・句・節を指して》,《this と対照させて二つのもののうち遠いほうを指して》あれ,《関係代名詞 which の先行詞に用いて》(～するところの)もの
A101003,the,det,《前述の名詞または文脈でそれと分かる名詞に付けて》その,《唯一の事物に付けて》,《方角・自然現象に付けて》,《用具・楽器・特定の病気などに付けて》,《修飾吾[句]を伴う名詞に付けて》
A101004,theater,n,〈C〉劇場,《the》劇,(事件・活動の)現場,,
A101005,their,det,彼らの,彼女らの,それらの,,
A101006,them,pron,彼らを,彼女らを,それらを,それらに,
A101007,then,adv,その時,(時間・場所・順番などが)それから,その上,《通例文頭または文尾において》それでは,その時の
A101008,there,adv,そこで(に),その時に,その点で,《文頭に置いて》そら,《その場にいる人に》そこの人
A101009,these,det,これらの,現在までの,次の,,
A101010,these,pron,これら,これ,こちら,,
A101011,they,pron,彼らは,(一般に)人々,,,
A101012,thick,adj,厚い,太い,濃い,密な,
A101013,thin,adj,薄い,細い,やせた,(液体・気体が)薄い,まばらな
A101014,thing,n,〈C〉(形のある)物,〈C〉(形のない)もの,《複数形で》事情,《複数形で》(すべての)事物,《通例 the~》(努力・活動などの)目的
A101015,think,v,〈他〉を考える,～と思う《~ that ～》,～を企てる,〈自〉考える,
A101016,thirteen,number,〈C〉(数の)13,13の記号,〈U〉(24時間制の)13時,《複数扱い》13人,13の,《補語にのみ用いて》13歳の(で)
A101017,thirty,number,〈C〉(数の)30,30の記号(30,〈C〉30分,《複数扱い》30個,30人《the thirties》(世紀の)30年代,30の,《補語にのみ用いて》30歳(で)
A101018,this,det,この,今の,《that と対照的に》この,,
A101019,this,pron,《近くの人・物・事を指して》これ,《時間・場所を指して》今,《次に述べること・今述べたことを指して》このこと,《that と対照的に》,that の前者に対して)後者
A101020,those,det,あれらの～ ,《those～who(which)～の形で》～するような～ ,,,
A101021,those,pron,それら,《複数名詞の反復を避けて》《～の》それ《of ～》,《[those who～|those who]の形で》(～である),,
A101022,three,number,3,3の記号(3),〈U〉3時,《複数扱い》3人,3個,〈C〉三つ(3人),カードゲーム・さいころなどの)3の札
A101023,through,prep,《運動や状態の変化を表す動詞とともに》(一方の端から他方へ)～を貫いて,《場所》～の中を,《期間》～じゅうずっと,《手段・原因》～によって,《完了・終了》～を終わって
A101024,throw,n,投げること,投げて届く距離,ショール,,
A101025,Thursday,n,木曜日《略》Thu,Thur.,Thurs.,,
A101026,ticket,n,切符,正礼,《米》(政党の)公認候補者名簿,《話》交通違反者の呼び出し状,《the~》《 話》必要なもの
A101027,tiger,n,トラ,トラのようにどう猛な(勇敢な)人,,,
A101028,tight,adj,きっちり締まった,すきまのない,ピンと張った,(衣服などが)きつい,時間的・空間的に)余裕のない
A101029,time,n,〈U〉《冠詞をつけずに》(空間に対しての)時間,〈U〉(時計で示される)時刻,〈U〉(ある方式で決められる)標準時,〈C〉〈U〉(特定の)時,〈U〉《しばしば A ~》(ある長さの)期間
A101030,tired,adj,疲れた,《補語にのみ用いて》飽きた,(文句などが)陳腐な,,
A101031,to,infinitive-to,【to不定詞】《名詞的用法》～すること,《形容詞的用法》～するための,《副詞的用法》～するために,《独立用法》,《文全体を修飾する慣用語句》～すれば
A101032,to,prep,《方向》～へ,《適用範囲》～に対して,《程度・範囲》～まで,《比較・対比・割合》～と比べて,《一致・適合》～に合わせて
A101033,today,adv,きょう[は],現代では,,,
A101034,today,n,きょう,現代,,,
A101035,together,adv,いっしょに,一団(一体)となるように,互いに(～し合う),協力して,ひっくるめて
A101036,toilet,n,〈C〉(水洗式の)便器,〈C〉(水洗式便器のある)洗面所,〈U〉〈C〉《文》服装,,
A101037,tomato,n,トマト,トマトの木,,,
A101038,tomorrow,adv,明日に,明日は,,,
A101039,tomorrow,n,〈U〉明日,将来,,,
A101040,tonight,adv,今晩,今夜[は],,,
A101041,too,adv,～もまた,あまりにも,非常に,,《話》《相手の否定の言葉に》,
A101042,tool,n,(金づち・スパナー・のこぎりなど大工・指物仕事をするための)道具,機械の部品を切削・加工する)動力機械(器具),2の)切削(加工)部分,道具に使われる人,《比喩的に》(一般に)道具
A101043,tooth,n,歯,歯状の物,,,
A101044,top,n,〈C〉《the ~》いちばん上の部分,《the ~》《～の》最上面 《of ～》,《the ~》《～の》最高位,《the ~》《～の》最高の程度,
A101045,topic,n,(～の)話題,論題《+of+名》,,,
A101046,touch,n,〈U〉触覚,〈C〉触ること,〈U〉《～の》気味,,
A101047,towel,n,タオル,,,,
A101048,tower,n,塔,タワー,,,
A101049,town,n,〈C〉町,《the~,一つの町を指して言うとき a~》(田舎と区別して)都会,都会生活,《冠詞をつけずに》都心,《冠詞をつけずに》(ある地域の)主要な町(市),(一国の)首都,《the~》《集合的に,単数扱い》町の人たち
A101050,toy,n,おもちゃ,小さくてちゃちな物,《名詞の前にのみ用いて》,おもちゃの,
A101051,train,n,〈C〉列車,電車,,,
A101052,travel,v,(特に遠くへ)旅行する,〈セールスマンなどが〉(～の)注文取りに出る,〈視線・気持ちなどが〉移る,《副詞[句]を伴って》〈音・光などが〉伝わる,～と)つきあう《+with(in)+名》
A101053,tree,n,木,(低木や草質植物でも形が高木に似ている)木,,木製具,枝分かれした図,系統図,(特に)家系図(family tree,
A101054,trip,n,旅行,外出,つまづき,,
A101055,trousers,n,ズボン,,,,
A101056,truck,n,〈C〉運搬車,トラック,,,
A101057,true,adj,ほんとうの,本物の,誠実な,心からの,寸分違わない
A101058,try,n,試し,(ラグビーの)トライ,,,
A101059,T-shirt,n,ティーシャツ(丸首の半そでシャツ),[tee-shirt],,,
A101060,tube,n,(金属・ガラス・ゴムなどの)管,(絵の具・歯みがきなどの)チューブ,《米》(列車・地下鉄の)トンネル,《英》地下鉄(《米》subway),ラジオ・テレビなどの)真空管(vacuum tube)
A101061,Tuesday,n,火曜日({略}Tu.),Tues.,,,
A101062,turkey,n,〈C〉シチメンチョウ(七面鳥),〈U〉シチメンチョウに肉,〈C〉《話》失敗作,,
A101063,turn,n,〈C〉回転,〈C〉方向転換,〈C〉順番,〈C〉《a ~》(状況などの)変化,〈C〉曲がり角
A101064,turn,v,～を回す,〈角など〉を曲がる,～をひっくり返す,～の向きを変える,～を変化させる
A101065,TV,n,television,,,,
A101066,twelve,number,〈C〉(数の)12,12の記号(12,〈U〉12時,《複数扱い》12人,〈C〉12(12人),《the ~》(また[Twelve Apostles])キリストの12使徒
A101067,twenty,number,〈C〉(数の)20,20の記号,〈U〉(24時間制の)20時,〈U〉《複数扱い》20人,〈C〉20(20人),《the twenties》(世紀の)20年代,《one's twenties》(年齢の)20代
A101068,two,number,〈C〉(数の)2,〈U〉2時,《複数扱い》二人,2個,〈C〉二つ(二人),〈C〉(カードゲーム)2の札
A101069,type,n,〈C〉(～の)型,〈C〉(その種類の特質を最もよく表している)典型,〈U〉《集合的に》活字,〈C〉(1個の)活字,〈U〉(印刷された)字体,〈C〉(貨幣・メダルなどの)模様
A101070,ugly,adj,(外見・容ぼうが)醜い,不快な,(道徳的に)悪い,(天侯・事態などが)険悪な,《話》不きげんな,気むずかしい,けんか好きな:
A101071,umbrella,n,〈C〉傘,一般に,包括するもの,,
A101072,uncle,n,おじ,おばの夫,《話》(年輩者に)おじさん,,
A101073,under,prep,《下方の場所・位置》～の下に,《内部の位置》～の内側に,(重荷・苦痛など)を負って,(支配・保護・影響など)～を受けて,《受動状態の継続》～中
A101074,underline,n,(強調または斜体字を示す)下線,アンダーライン,,,
A101075,until,prep,《継続の期限》～まで,《否定語の後に》～まではしない,,,
A101076,up,prep,《移動・位置》～の高いほうへ,川の)上流へ,(流れ・風)に逆らって,～の内陸(奥地)のほうへ,自分が今いる所,,
A101077,us,pron,《we の目的格》我々を(に),私たちを(に),,,
A101078,use,v,〈他〉(道具など)を使う,を費やす,《副詞を伴って》(人など)を扱う,,
A101079,usually,adv,普通は,通例,通常,いつもは,
A101080,vacation,n,〈C〉《おもに米》休暇,〈C〉〈U〉《文》(部屋・家・土地などを)明け渡すこと,,,
A101081,vase,n,〈C〉花びん,(装飾用の)つぼ,,,
A101082,vegetable,n,〈C〉《複数形で》野菜,〈U〉植物,〈C〉植物人間(脳の機能が冒され),植物の,野菜の
A101083,very,adv,《副詞・形容詞・分詞形容詞を強めて》非常に,《否定語と共に用いて》あまり,《same,《古》まったくの,
A101084,video,n,〈U〉テレビの映像,〈C〉テレビ,テレビ映像に関する,ビデオテープの,
A101085,visit,n,(～への)訪問,(～への)滞在,,,
A101086,visit,v,〈人〉を訪問する,～を見物に行く,〈人〉‘の'客となる,(視察などのため)〈場所〉を訪れる,《受動態で》《文》〈病気.災害などが〉～を襲う
A101087,volleyball,n,〈U〉バレーボール,〈C〉バレーボール用のボール,,,
A101088,vote,n,〈C〉票,投票,《～に関する》(,投票・挙手などによる)決定《on)》,投票権,
A101089,wait,v,待つ,〈事が〉そのままにしておける,(期待して)〈機会・合図など〉を待ち受ける,《話》(人や物を待って)～を遅らせる,
A101090,waiter,n,(料理店などの)給仕人,(食物を運ぶ)給仕盆,,,
A101091,waitress,n,(レストランなどの)女給仕人,ウエートレス,,,
A101092,wake,v,〈自〉目を覚ます,〈他〉〈人〉の目を覚まさせる,,,
A101093,walk,n,歩くこと,散歩,歩行距離,歩道,特徴をもった)湾き方
A101094,walk,v,《様態・方向を表す副詞[句]を伴って》歩く,散歩をする,(特定の態度で)ふるまう,(野球で)フォアボールで一塁に出る,バスケットボールで)(パス・ドリブルしないで)3歩以歩く
A101095,wall,n,〈C〉(石・れんがなどの)壁,{U}(胃などの)内壁,〈C〉(～の)壁[のようなもの]《+of+名》,,
A101096,want,v,〈他〉を欲する,～したいと思う,～を必要とする,〈人・物が〉～を欠いている,〈自〉困窮する
A101097,war,n,〈U〉戦争,〈U〉(ある特定の目的のための)争い,(～と)戦争をする,,
A101098,warm,adj,暖かい,興奮した,暖色の,生々しい,
A101099,was,be-verb,[am],[be]の仮定法過去,,,
A101100,wash,n,洗濯,洗面,洗浄,,
A101101,wash,v,～を洗う,,〈汚れ・しみなど〉を洗い落とす《+名+away(off)》,〈人・舟・家屋など〉を洗い流す,〈波などが〉〈岸など〉を洗う,塗料などで)～を薄く塗る,～をメッキする《+名+with+名》
A101102,watch,n,〈C〉時計,見張り,,,
A101103,watch,v,〈他〉じっと見る,世話する,注意する,,
A101104,water,n,〈U〉水,《しばしば複数形で》海(湖),《複数形で》流れる水,《海・川・湖などの》波立つ水《of ～》,《複数形で》(特定の)水域,〈U〉潮位
A101105,way,n,〈C〉《～へ向かう》道,方向,〈U〉《しばしば形容詞とともに》やり方,,
A101106,we,pron,私たちは,,,,
A101107,wear,v,〈他〉〈服・装飾品など〉を身につけている,〈ある表情・態度など〉を示している,(使用して)～をすり減らす,〈自〉すり減る,〈品物などが〉長もちする
A101108,weather,n,天気,あらし,,,
A101109,Wednesday,n,水曜日(《略》Wed.),,,,
A101110,week,n,〈C〉週,また working week,〈U〉《Wee》(特定の催しが行われる)週間,,
A101111,weekend,n,週末(通例金曜日の夕方から日曜日の夜まで),週末休暇,週末の,《状態・場所を表す副詞[句]を伴って》週末を過ごす,週末旅行をする,,
A101112,welcome,interj,《～へ》ようこそ,いらっしゃい《to ～》,,,
A101113,welcome,v,〈人〉を出迎える,《～へ》〈人〉を歓迎する,〈提案など〉を受け入れる,,
A101114,well,adj,《おもに補語に用いて》健康な,《複語にのみ用いて》好都合の,,,
A101115,well,adv,よく,じょうずに,十分に,《他の副詞または前置詞句と共に用いて》相当に,個人的に)親しく
A101116,were,be-verb,[are]の過去形([be] の直説法一,[be] の仮定法過去,,,
A101117,what,det,《疑問形容詞》何の,《感嘆文で》何という,《関係形容詞》～するものは何でも,～だけの,,
A101118,what,pron,《疑問代名詞》《情報・種別・数量などを求めて》何,《職業・地位・国籍などを尋ねて》どんな人,《関係代名詞》《名詞節を導いて》～するもの(こと),《副詞的に働く挿入節を導いて》～なことには,
A101119,wheel,n,車輪,《the ~》(自動車の)ハンドル,製陶用の)ろくろ(potter's wheel),紡ぎ車(spinning wheel,《複数形で》(～の)推進力,回転[運動]
A101120,when,adv,いつ,～する,するとその時に,,
A101121,when,conj,～するときに,～するときはいつでも,～なのに,～であるから,もし～ならば
A101122,where,adv,《疑問副詞》どこに(で),《関係副詞》,《制限用法》(～する),《非制限用法》そしてそこで,《先行詞を含んで》～する(～である)ところ
A101123,where,conj,《場所を表す副詞節を導く》～する所に(で),《方向を表す副詞節を導く》～するどこにでも,《対立・範囲などを表す副詞節を導く》～であるに対して,,
A101124,which,det,《疑問形容詞》(句・節を導くこともある)(一定数の物・事のうちで)どちらの～,《関係形容詞》《非制限用法で》そしてその～,,,
A101125,which,pron,《疑問代名詞》《しばしば「of+複数名詞」を伴って》(一定数の人・物・事のうちで)どちら,《関係代名詞》《制限用法》(～する),《関係代名詞》《非制限用法》(a)そしてそれは(を),,
A101126,white,adj,白い,(恐怖で人・顔・唇などが)青白い,(皮膚の色の)白い,(髪・ひげなどが)銀色の,雪のある
A101127,white,n,〈U〉白,〈U〉〈C〉白いもの,(特に)卵の白身,〈U〉白衣,〈C〉白人,
A101128,who,pron,《疑問代名詞》だれが,《関係代名詞》(先行詞は「人),《制限用法》(～する),《非制限用法》そしてその人は(を),《古》《先行詞を含んで》～する人[はだれでも]
A101129,whose,det,だれの～,,,,
A101130,whose,pron,《疑問代名詞》だれのもの,《関係代名詞》《制限用法》その(～する),《関係代名詞》《非制限用法》そして(しかし)その人の～は(が,,
A101131,why,adv,《疑問副詞》,なぜどうして,《関係副詞》[なぜ]～するのか[南由],理由,《驚き・意外》おや
A101132,wife,n,妻,《古》(特に結婚した)女,,,
A101133,will,modal auxiliary,《単純未来》～だろう,《疑問文で》～だろうか,《~ be 現在形》～しているだろう,《意志未来》～するつもりである,《主語の強い意志・固執》どうしても～しようとする
A101134,win,v,〈自〉(競争・競技などで)《～に》勝つ,〈他〉〈戦争・競技など〉に勝つ,〈賞・名声など〉を勝ち取る,,
A101135,wind,n,〈C〉〈U〉《しばしば the ~》風,強風,〈U〉息,,
A101136,window,n,窓,(銀行などの)窓口,(店の)飾り窓,窓ガラス([windowpane]),窓状の物
A101137,winter,n,冬,冬の,,,
A101138,wish,n,〈C〉〈U〉願い,〈C〉祈願,望みの物,,
A101139,with,prep,《随伴・協調》～と,《所有・所持》～を持っている,《道具・手段》～で,《財料・供給物》～を与えて,～に反対して
A101140,woman,n,〈C〉(成人した)女,〈U〉《冠詞をつけずに》女性[全体],〈C〉《the womanhood》女らしさ,〈C〉(主婦の代りに)家事をする女性,〈C〉《修飾語[句]を伴って》妻
A101141,wonderful,adj,驚くべき,すばらしい,,,
A101142,word,n,〈C〉語,《しばしば複数形で》(表現された)言葉,(自分の考えに基く)言葉,〈C〉《しばしば複数形で》短い会話,《単数形で,one's word》約束,〈U〉《冠詞をつけずに》知らせ
A101143,work,n,〈U〉(一般的な)仕事,〈U〉(実際にやっている具体的な)作業,〈U〉《定冠詞なしで》仕事の口,〈C〉《しばしば複数形で》(文学・芸術の)作品,《複数形で》《単数・複数扱い》《しばしば複合語を作って》工場
A101144,work,v,働く,《～に》勤める,《しばしば副詞を伴って》〈機械・道具などが〉具合よく動く,〈機械・道具など〉を動かす,〈人・牛馬など〉を働かせる
A101145,worker,n,仕事をする人,(暮らしのために働く)労働者,努力家,働きバチ,
A101146,world,n,《the world》世界,《the world》(特定の時代・特徴・地域に限られた)世界,《the world》宇宙,〈C〉(特に生物がいる)天体,《the world》世界の人たち
A101147,worry,n,〈U〉《～の》心配,悩み 《of ～》,,,
A101148,would,modal auxiliary,～だろう,～するつもりである,《過去の想像・推定》～だったろう,《過去における主語の強い意志・固執》どうしても～しようとした,《過去における習慣・動作の反復》～したものだった
A101149,write,v,〈文字・文章・書物など〉を書く,〈手紙〉を書く,《話》〈人〉‘に'手紙をお書く,《通例受動熊で》(書たいように)～をはっきりと示す,字(文章など)を書く
A101150,writer,n,作家,記者([journalist]),,,
A101151,wrong,adj,正しくない,(道徳的に)悪い,適当でない,《補語にのみ用いて》(～が)ぐあいが悪い,裏の
A101152,yard,n,〈C〉ヤード(長さの単位で3フィート),(日本で布を測るときの)ヤール,(特に建築業で)1立方ヤード,,
A101153,year,n,〈C〉(グレゴリオ暦で1月1日に始まり12月31日に終わる)年,〈C〉(任意の時からの)1年間,〈C〉年度,(特定の)1年,〈C〉～歳,《複数形で》年齢,《複数形で》老齢(old age)
A101154,yellow,adj,黄色の,皮膚の黄色い,《俗》おく病な(cowardly),(新聞が)センセーショナルな,
A101155,yellow,n,〈U〉黄色,〈C〉黄色いもの,卵黄,〈U〉〈C〉黄色の絵の具(顔料),,
A101156,yes,adv,《肯定の問いに》はい,《否定の問いに》いいえ,《呼びかけに答えて》はい,《相手に同意を示して》そうです,《自分の言うことを強めて
A101157,yesterday,adv,きのう,昨今,きのうは,昨今,きのうの
A101158,yet,adv,《否定文で》まだ,《疑問文で》もう,今なお,,
A101159,yogurt,n,ヨーグルト,[yoghurt],,,
A101160,you,pron,あなた[がた]は(を),《命令文》君[たち],《呼び掛け》君[たち],《一般に人を指して》人は(を),
A101161,young,adj,若い,年下のほうの,若々しい,新興の,経験の浅い
A101162,your,det,あなた[がた]の,《話》《しばしば非難や軽べつの意を込めて》君[たち]のいう,《一般に人を指して》人の,《敬称の一部として》,
A101163,yours,pron,あなた[たち]のもの,《of yours の形で》あなた[たち]の,あなた[たち]の手紙(家族・責任),,
A101164,yourself,pron,《強意用法》《you と同格に用いて》あなた自身,《再帰用法》《動詞・前置詞の目的語として》あなた自身を(に),,,
A101165,zoo,n,動物園,,,,
